,lhs,Var.2,rhs,support,confidence,coverage,lift,count
[1],"{data,decision,tracker}",=>,{admit},0.003107601,0.842105263,0.003690276,20.22886142,48
[2],"{data,tracker}",=>,{admit},0.003107601,0.827586207,0.003755017,19.88008795,48
[3],"{financial,global,student}",=>,{risk},0.003042859,0.34057971,0.008934352,17.30458619,47
[4],"{financial,global}",=>,{risk},0.003301826,0.320754717,0.010293927,16.29729394,51
[5],"{admission,situation,student}",=>,{covid},0.003237084,0.303030303,0.010682377,16.02947281,50
[6],"{may,situation}",=>,{covid},0.003819759,0.302564103,0.012624628,16.00481208,59
[7],"{global,industry,student}",=>,{risk},0.003107601,0.303797468,0.010229186,15.43570953,48
[8],"{admission,finance,financial}",=>,{risk},0.003042859,0.303225806,0.010034961,15.40666384,47
[9],"{situation,student}",=>,{covid},0.003884501,0.283018868,0.013725236,14.97092272,60
[10],"{finance,financial,student}",=>,{risk},0.003366567,0.290502793,0.011588761,14.76021758,52
[11],"{experience,global,part}",=>,{risk},0.003301826,0.289772727,0.011394536,14.7231235,51
[12],"{global,part,year}",=>,{risk},0.003431309,0.288043478,0.011912469,14.63526173,53
[13],"{experience,global,working}",=>,{risk},0.003042859,0.284848485,0.010682377,14.47292663,47
[14],"{global,management,time}",=>,{risk},0.003107601,0.282352941,0.011006086,14.34613003,48
[15],"{admission,situation,time}",=>,{covid},0.003172342,0.269230769,0.011782986,14.24157007,49
[16],"{due,may}",=>,{covid},0.003949243,0.26754386,0.014761103,14.15233718,61
[17],"{global,part,student}",=>,{risk},0.003496051,0.278350515,0.012559886,14.14276994,54
[18],"{global,student,working}",=>,{risk},0.003237084,0.274725275,0.011782986,13.95857432,50
[19],"{global,management,student}",=>,{risk},0.003625534,0.273170732,0.013272045,13.87958922,56
[20],"{global,working,year}",=>,{risk},0.003301826,0.268421053,0.012300919,13.63826177,51
[21],"{decision,discus}",=>,{admit},0.003042859,0.56626506,0.005373559,13.6026907,47
[22],"{global,part}",=>,{risk},0.003884501,0.266666667,0.014566878,13.54912281,60
[23],"{admission,situation}",=>,{covid},0.004208209,0.250965251,0.016768095,13.2753742,65
[24],"{financial,management,student}",=>,{risk},0.003301826,0.257575758,0.012818853,13.08722089,51
[25],"{job,management,part}",=>,{risk},0.003107601,0.255319149,0.012171436,12.97256439,48
[26],"{global,industry}",=>,{risk},0.003172342,0.255208333,0.012430403,12.96693394,49
[27],"{experience,global,management}",=>,{risk},0.003042859,0.252688172,0.012041953,12.83888653,47
[28],"{class,may,program}",=>,{covid},0.003172342,0.242574257,0.01307782,12.83151363,49
[29],"{global,working}",=>,{risk},0.003560792,0.251141553,0.014178428,12.76030401,55
[30],"{global,management,new}",=>,{risk},0.003107601,0.25,0.012430403,12.70230263,48
[31],"{business,global,management}",=>,{risk},0.003366567,0.248803828,0.013531011,12.64152606,52
[32],"{finance,financial}",=>,{risk},0.003819759,0.245833333,0.015538003,12.49059759,59
[33],"{business,due}",=>,{covid},0.003042859,0.235,0.012948336,12.43085616,47
[34],"{finance,management,student}",=>,{risk},0.003237084,0.243902439,0.013272045,12.39249037,50
[35],"{financial,service}",=>,{risk},0.003042859,0.242268041,0.012559886,12.30944791,47
[36],"{like,situation}",=>,{covid},0.003042859,0.232673267,0.01307782,12.30777838,47
[37],"{admission,due}",=>,{covid},0.003690276,0.22983871,0.016055937,12.15783805,57
[38],"{situation,year}",=>,{covid},0.003496051,0.229787234,0.015214295,12.15511513,54
[39],"{business,part,term}",=>,{risk},0.003237084,0.238095238,0.013595753,12.09743108,50
[40],"{business,financial,management}",=>,{risk},0.003366567,0.237442922,0.014178428,12.06428743,52
[41],"{global,management,year}",=>,{risk},0.003237084,0.236966825,0.013660495,12.04009728,50
[42],"{global,management}",=>,{risk},0.004078726,0.236842105,0.017221287,12.03376039,63
[43],"{may,still,time}",=>,{covid},0.003172342,0.226851852,0.013984203,11.99984145,49
[44],"{admission,finance,program}",=>,{risk},0.003301826,0.236111111,0.013984203,11.99661915,51
[45],"{financial,job}",=>,{risk},0.003107601,0.235294118,0.013207303,11.95510836,48
[46],"{admission,class,may}",=>,{covid},0.003560792,0.221774194,0.016055937,11.73124724,55
[47],"{business,finance,management}",=>,{risk},0.003172342,0.230046948,0.013789978,11.68850383,49
[48],"{job,process,year}",=>,{risk},0.003042859,0.229268293,0.013272045,11.64894095,47
[49],"{finance,list,unique}",=>,{risk},0.003301826,0.228699552,0.014437395,11.62004366,51
[50],"{finance,place,something}",=>,{risk},0.003301826,0.228699552,0.014437395,11.62004366,51
[51],"{experience,global,student}",=>,{risk},0.003625534,0.228571429,0.015861712,11.61353383,56
[52],"{finance,list,something}",=>,{risk},0.003301826,0.227678571,0.014502136,11.56816847,51
[53],"{check,finance,list}",=>,{risk},0.003237084,0.227272727,0.01424317,11.54754785,50
[54],"{check,finance,place}",=>,{risk},0.003237084,0.227272727,0.01424317,11.54754785,50
[55],"{admission,finance,list}",=>,{risk},0.003366567,0.227074236,0.014825845,11.53746265,52
[56],"{finance,something,unique}",=>,{risk},0.003301826,0.226666667,0.014566878,11.51675439,51
[57],"{check,finance,something}",=>,{risk},0.003301826,0.226666667,0.014566878,11.51675439,51
[58],"{business,finance,unique}",=>,{risk},0.003107601,0.226415094,0.013725236,11.50397219,48
[59],"{global,something,time}",=>,{risk},0.003237084,0.226244344,0.014307911,11.4952965,50
[60],"{finance,program,student}",=>,{risk},0.003366567,0.226086957,0.014890587,11.48729977,52
[61],"{financial,management}",=>,{risk},0.003949243,0.225925926,0.017480254,11.47911793,61
[62],"{finance,new,timely}",=>,{risk},0.003172342,0.225806452,0.014048945,11.47304754,49
[63],"{blend,finance,unique}",=>,{risk},0.003172342,0.225806452,0.014048945,11.47304754,49
[64],"{blend,finance,list}",=>,{risk},0.003172342,0.225806452,0.014048945,11.47304754,49
[65],"{blend,finance,place}",=>,{risk},0.003172342,0.225806452,0.014048945,11.47304754,49
[66],"{blend,finance,something}",=>,{risk},0.003172342,0.225806452,0.014048945,11.47304754,49
[67],"{admission,blend,finance}",=>,{risk},0.003172342,0.225806452,0.014048945,11.47304754,49
[68],"{different,much,something}",=>,{risk},0.003172342,0.225806452,0.014048945,11.47304754,49
[69],"{due,student}",=>,{covid},0.003301826,0.216101695,0.015279037,11.4311876,51
[70],"{finance,timely}",=>,{risk},0.003172342,0.224770642,0.014113686,11.42041888,49
[71],"{finance,place,topic}",=>,{risk},0.003172342,0.224770642,0.014113686,11.42041888,49
[72],"{finance,follow,unique}",=>,{risk},0.003237084,0.224215247,0.014437395,11.39219967,50
[73],"{blend,check,finance}",=>,{risk},0.003172342,0.223744292,0.014178428,11.36827085,49
[74],"{blend,finance,new}",=>,{risk},0.003172342,0.223744292,0.014178428,11.36827085,49
[75],"{blend,finance,student}",=>,{risk},0.003172342,0.223744292,0.014178428,11.36827085,49
[76],"{finance,follow,something}",=>,{risk},0.003237084,0.223214286,0.014502136,11.34134164,50
[77],"{add,finance,place}",=>,{risk},0.003237084,0.223214286,0.014502136,11.34134164,50
[78],"{global,time,unique}",=>,{risk},0.003042859,0.222748815,0.013660495,11.31769144,47
[79],"{blend,finance}",=>,{risk},0.003172342,0.222727273,0.01424317,11.31659689,49
[80],"{finance,place,unique}",=>,{risk},0.003172342,0.222727273,0.01424317,11.31659689,49
[81],"{finance,something,topic}",=>,{risk},0.003172342,0.222727273,0.01424317,11.31659689,49
[82],"{finance,new,unique}",=>,{risk},0.003301826,0.222707424,0.014825845,11.31558837,51
[83],"{admission,finance,something}",=>,{risk},0.003431309,0.222689076,0.01540852,11.31465613,53
[84],"{blend,finance,timely}",=>,{risk},0.003107601,0.222222222,0.013984203,11.29093567,48
[85],"{featured,finance,timely}",=>,{risk},0.003107601,0.222222222,0.013984203,11.29093567,48
[86],"{finance,timely,visitor}",=>,{risk},0.003107601,0.222222222,0.013984203,11.29093567,48
[87],"{finance,poster,timely}",=>,{risk},0.003107601,0.222222222,0.013984203,11.29093567,48
[88],"{finance,monthly,timely}",=>,{risk},0.003107601,0.222222222,0.013984203,11.29093567,48
[89],"{dozen,finance,timely}",=>,{risk},0.003107601,0.222222222,0.013984203,11.29093567,48
[90],"{finance,timely,twitter}",=>,{risk},0.003107601,0.222222222,0.013984203,11.29093567,48
[91],"{finance,subscribe,timely}",=>,{risk},0.003107601,0.222222222,0.013984203,11.29093567,48
[92],"{finance,latest,timely}",=>,{risk},0.003107601,0.222222222,0.013984203,11.29093567,48
[93],"{feature,finance,timely}",=>,{risk},0.003107601,0.222222222,0.013984203,11.29093567,48
[94],"{finance,longer,timely}",=>,{risk},0.003107601,0.222222222,0.013984203,11.29093567,48
[95],"{finance,follow,timely}",=>,{risk},0.003107601,0.222222222,0.013984203,11.29093567,48
[96],"{finance,timely,unique}",=>,{risk},0.003107601,0.222222222,0.013984203,11.29093567,48
[97],"{finance,timely,topic}",=>,{risk},0.003107601,0.222222222,0.013984203,11.29093567,48
[98],"{finance,list,timely}",=>,{risk},0.003107601,0.222222222,0.013984203,11.29093567,48
[99],"{add,finance,timely}",=>,{risk},0.003107601,0.222222222,0.013984203,11.29093567,48
[100],"{check,finance,timely}",=>,{risk},0.003107601,0.222222222,0.013984203,11.29093567,48
[101],"{finance,something,timely}",=>,{risk},0.003107601,0.222222222,0.013984203,11.29093567,48
[102],"{admission,finance,timely}",=>,{risk},0.003107601,0.222222222,0.013984203,11.29093567,48
[103],"{blend,featured,finance}",=>,{risk},0.003107601,0.222222222,0.013984203,11.29093567,48
[104],"{blend,finance,visitor}",=>,{risk},0.003107601,0.222222222,0.013984203,11.29093567,48
[105],"{blend,finance,poster}",=>,{risk},0.003107601,0.222222222,0.013984203,11.29093567,48
[106],"{blend,dozen,finance}",=>,{risk},0.003107601,0.222222222,0.013984203,11.29093567,48
[107],"{blend,finance,twitter}",=>,{risk},0.003107601,0.222222222,0.013984203,11.29093567,48
[108],"{blend,entry,finance}",=>,{risk},0.003107601,0.222222222,0.013984203,11.29093567,48
[109],"{blend,finance,subscribe}",=>,{risk},0.003107601,0.222222222,0.013984203,11.29093567,48
[110],"{blend,finance,latest}",=>,{risk},0.003107601,0.222222222,0.013984203,11.29093567,48
[111],"{blend,feature,finance}",=>,{risk},0.003107601,0.222222222,0.013984203,11.29093567,48
[112],"{blend,finance,longer}",=>,{risk},0.003107601,0.222222222,0.013984203,11.29093567,48
[113],"{blend,finance,relevant}",=>,{risk},0.003107601,0.222222222,0.013984203,11.29093567,48
[114],"{blend,finance,source}",=>,{risk},0.003107601,0.222222222,0.013984203,11.29093567,48
[115],"{blend,finance,follow}",=>,{risk},0.003107601,0.222222222,0.013984203,11.29093567,48
[116],"{blend,finance,topic}",=>,{risk},0.003107601,0.222222222,0.013984203,11.29093567,48
[117],"{add,blend,finance}",=>,{risk},0.003107601,0.222222222,0.013984203,11.29093567,48
[118],"{featured,finance,visitor}",=>,{risk},0.003107601,0.222222222,0.013984203,11.29093567,48
[119],"{featured,finance,poster}",=>,{risk},0.003107601,0.222222222,0.013984203,11.29093567,48
[120],"{featured,finance,monthly}",=>,{risk},0.003107601,0.222222222,0.013984203,11.29093567,48
[121],"{dozen,featured,finance}",=>,{risk},0.003107601,0.222222222,0.013984203,11.29093567,48
[122],"{featured,finance,twitter}",=>,{risk},0.003107601,0.222222222,0.013984203,11.29093567,48
[123],"{entry,featured,finance}",=>,{risk},0.003107601,0.222222222,0.013984203,11.29093567,48
[124],"{featured,finance,subscribe}",=>,{risk},0.003107601,0.222222222,0.013984203,11.29093567,48
[125],"{featured,finance,latest}",=>,{risk},0.003107601,0.222222222,0.013984203,11.29093567,48
[126],"{feature,featured,finance}",=>,{risk},0.003107601,0.222222222,0.013984203,11.29093567,48
[127],"{featured,finance,longer}",=>,{risk},0.003107601,0.222222222,0.013984203,11.29093567,48
[128],"{featured,finance,relevant}",=>,{risk},0.003107601,0.222222222,0.013984203,11.29093567,48
[129],"{featured,finance,source}",=>,{risk},0.003107601,0.222222222,0.013984203,11.29093567,48
[130],"{featured,finance,follow}",=>,{risk},0.003107601,0.222222222,0.013984203,11.29093567,48
[131],"{featured,finance,unique}",=>,{risk},0.003107601,0.222222222,0.013984203,11.29093567,48
[132],"{featured,finance,topic}",=>,{risk},0.003107601,0.222222222,0.013984203,11.29093567,48
[133],"{featured,finance,list}",=>,{risk},0.003107601,0.222222222,0.013984203,11.29093567,48
[134],"{add,featured,finance}",=>,{risk},0.003107601,0.222222222,0.013984203,11.29093567,48
[135],"{featured,finance,place}",=>,{risk},0.003107601,0.222222222,0.013984203,11.29093567,48
[136],"{check,featured,finance}",=>,{risk},0.003107601,0.222222222,0.013984203,11.29093567,48
[137],"{featured,finance,something}",=>,{risk},0.003107601,0.222222222,0.013984203,11.29093567,48
[138],"{featured,finance,new}",=>,{risk},0.003107601,0.222222222,0.013984203,11.29093567,48
[139],"{featured,finance,student}",=>,{risk},0.003107601,0.222222222,0.013984203,11.29093567,48
[140],"{finance,poster,visitor}",=>,{risk},0.003107601,0.222222222,0.013984203,11.29093567,48
[141],"{finance,monthly,visitor}",=>,{risk},0.003107601,0.222222222,0.013984203,11.29093567,48
[142],"{dozen,finance,visitor}",=>,{risk},0.003107601,0.222222222,0.013984203,11.29093567,48
[143],"{finance,twitter,visitor}",=>,{risk},0.003107601,0.222222222,0.013984203,11.29093567,48
[144],"{entry,finance,visitor}",=>,{risk},0.003107601,0.222222222,0.013984203,11.29093567,48
[145],"{finance,subscribe,visitor}",=>,{risk},0.003107601,0.222222222,0.013984203,11.29093567,48
[146],"{finance,latest,visitor}",=>,{risk},0.003107601,0.222222222,0.013984203,11.29093567,48
[147],"{feature,finance,visitor}",=>,{risk},0.003107601,0.222222222,0.013984203,11.29093567,48
[148],"{finance,longer,visitor}",=>,{risk},0.003107601,0.222222222,0.013984203,11.29093567,48
[149],"{finance,source,visitor}",=>,{risk},0.003107601,0.222222222,0.013984203,11.29093567,48
[150],"{finance,unique,visitor}",=>,{risk},0.003107601,0.222222222,0.013984203,11.29093567,48
[151],"{finance,topic,visitor}",=>,{risk},0.003107601,0.222222222,0.013984203,11.29093567,48
[152],"{add,finance,visitor}",=>,{risk},0.003107601,0.222222222,0.013984203,11.29093567,48
[153],"{check,finance,visitor}",=>,{risk},0.003107601,0.222222222,0.013984203,11.29093567,48
[154],"{finance,something,visitor}",=>,{risk},0.003107601,0.222222222,0.013984203,11.29093567,48
[155],"{finance,monthly,poster}",=>,{risk},0.003107601,0.222222222,0.013984203,11.29093567,48
[156],"{dozen,finance,poster}",=>,{risk},0.003107601,0.222222222,0.013984203,11.29093567,48
[157],"{finance,poster,twitter}",=>,{risk},0.003107601,0.222222222,0.013984203,11.29093567,48
[158],"{entry,finance,poster}",=>,{risk},0.003107601,0.222222222,0.013984203,11.29093567,48
[159],"{finance,poster,subscribe}",=>,{risk},0.003107601,0.222222222,0.013984203,11.29093567,48
[160],"{feature,finance,poster}",=>,{risk},0.003107601,0.222222222,0.013984203,11.29093567,48
[161],"{finance,longer,poster}",=>,{risk},0.003107601,0.222222222,0.013984203,11.29093567,48
[162],"{finance,poster,relevant}",=>,{risk},0.003107601,0.222222222,0.013984203,11.29093567,48
[163],"{finance,poster,source}",=>,{risk},0.003107601,0.222222222,0.013984203,11.29093567,48
[164],"{finance,follow,poster}",=>,{risk},0.003107601,0.222222222,0.013984203,11.29093567,48
[165],"{finance,poster,unique}",=>,{risk},0.003107601,0.222222222,0.013984203,11.29093567,48
[166],"{finance,poster,topic}",=>,{risk},0.003107601,0.222222222,0.013984203,11.29093567,48
[167],"{finance,list,poster}",=>,{risk},0.003107601,0.222222222,0.013984203,11.29093567,48
[168],"{add,finance,poster}",=>,{risk},0.003107601,0.222222222,0.013984203,11.29093567,48
[169],"{finance,place,poster}",=>,{risk},0.003107601,0.222222222,0.013984203,11.29093567,48
[170],"{check,finance,poster}",=>,{risk},0.003107601,0.222222222,0.013984203,11.29093567,48
[171],"{finance,new,poster}",=>,{risk},0.003107601,0.222222222,0.013984203,11.29093567,48
[172],"{admission,finance,poster}",=>,{risk},0.003107601,0.222222222,0.013984203,11.29093567,48
[173],"{dozen,finance,monthly}",=>,{risk},0.003107601,0.222222222,0.013984203,11.29093567,48
[174],"{finance,monthly,twitter}",=>,{risk},0.003107601,0.222222222,0.013984203,11.29093567,48
[175],"{entry,finance,monthly}",=>,{risk},0.003107601,0.222222222,0.013984203,11.29093567,48
[176],"{finance,latest,monthly}",=>,{risk},0.003107601,0.222222222,0.013984203,11.29093567,48
[177],"{feature,finance,monthly}",=>,{risk},0.003107601,0.222222222,0.013984203,11.29093567,48
[178],"{finance,longer,monthly}",=>,{risk},0.003107601,0.222222222,0.013984203,11.29093567,48
[179],"{finance,monthly,relevant}",=>,{risk},0.003107601,0.222222222,0.013984203,11.29093567,48
[180],"{finance,follow,monthly}",=>,{risk},0.003107601,0.222222222,0.013984203,11.29093567,48
[181],"{finance,monthly,unique}",=>,{risk},0.003107601,0.222222222,0.013984203,11.29093567,48
[182],"{finance,monthly,topic}",=>,{risk},0.003107601,0.222222222,0.013984203,11.29093567,48
[183],"{finance,list,monthly}",=>,{risk},0.003107601,0.222222222,0.013984203,11.29093567,48
[184],"{add,finance,monthly}",=>,{risk},0.003107601,0.222222222,0.013984203,11.29093567,48
[185],"{finance,monthly,place}",=>,{risk},0.003107601,0.222222222,0.013984203,11.29093567,48
[186],"{finance,monthly,something}",=>,{risk},0.003107601,0.222222222,0.013984203,11.29093567,48
[187],"{admission,finance,monthly}",=>,{risk},0.003107601,0.222222222,0.013984203,11.29093567,48
[188],"{dozen,finance,twitter}",=>,{risk},0.003107601,0.222222222,0.013984203,11.29093567,48
[189],"{dozen,entry,finance}",=>,{risk},0.003107601,0.222222222,0.013984203,11.29093567,48
[190],"{dozen,finance,subscribe}",=>,{risk},0.003107601,0.222222222,0.013984203,11.29093567,48
[191],"{dozen,finance,latest}",=>,{risk},0.003107601,0.222222222,0.013984203,11.29093567,48
[192],"{dozen,feature,finance}",=>,{risk},0.003107601,0.222222222,0.013984203,11.29093567,48
[193],"{dozen,finance,longer}",=>,{risk},0.003107601,0.222222222,0.013984203,11.29093567,48
[194],"{dozen,finance,relevant}",=>,{risk},0.003107601,0.222222222,0.013984203,11.29093567,48
[195],"{dozen,finance,source}",=>,{risk},0.003107601,0.222222222,0.013984203,11.29093567,48
[196],"{dozen,finance,follow}",=>,{risk},0.003107601,0.222222222,0.013984203,11.29093567,48
[197],"{dozen,finance,list}",=>,{risk},0.003107601,0.222222222,0.013984203,11.29093567,48
[198],"{dozen,finance,place}",=>,{risk},0.003107601,0.222222222,0.013984203,11.29093567,48
[199],"{dozen,finance,something}",=>,{risk},0.003107601,0.222222222,0.013984203,11.29093567,48
[200],"{dozen,finance,new}",=>,{risk},0.003107601,0.222222222,0.013984203,11.29093567,48
[201],"{entry,finance,twitter}",=>,{risk},0.003107601,0.222222222,0.013984203,11.29093567,48
[202],"{finance,longer,twitter}",=>,{risk},0.003107601,0.222222222,0.013984203,11.29093567,48
[203],"{finance,topic,twitter}",=>,{risk},0.003107601,0.222222222,0.013984203,11.29093567,48
[204],"{finance,list,twitter}",=>,{risk},0.003107601,0.222222222,0.013984203,11.29093567,48
[205],"{add,finance,twitter}",=>,{risk},0.003107601,0.222222222,0.013984203,11.29093567,48
[206],"{finance,place,twitter}",=>,{risk},0.003107601,0.222222222,0.013984203,11.29093567,48
[207],"{entry,finance,subscribe}",=>,{risk},0.003107601,0.222222222,0.013984203,11.29093567,48
[208],"{entry,finance,latest}",=>,{risk},0.003107601,0.222222222,0.013984203,11.29093567,48
[209],"{entry,feature,finance}",=>,{risk},0.003107601,0.222222222,0.013984203,11.29093567,48
[210],"{entry,finance,longer}",=>,{risk},0.003107601,0.222222222,0.013984203,11.29093567,48
[211],"{entry,finance,follow}",=>,{risk},0.003107601,0.222222222,0.013984203,11.29093567,48
[212],"{entry,finance,unique}",=>,{risk},0.003107601,0.222222222,0.013984203,11.29093567,48
[213],"{entry,finance,topic}",=>,{risk},0.003107601,0.222222222,0.013984203,11.29093567,48
[214],"{check,entry,finance}",=>,{risk},0.003107601,0.222222222,0.013984203,11.29093567,48
[215],"{finance,latest,subscribe}",=>,{risk},0.003107601,0.222222222,0.013984203,11.29093567,48
[216],"{feature,finance,subscribe}",=>,{risk},0.003107601,0.222222222,0.013984203,11.29093567,48
[217],"{finance,longer,subscribe}",=>,{risk},0.003107601,0.222222222,0.013984203,11.29093567,48
[218],"{finance,subscribe,topic}",=>,{risk},0.003107601,0.222222222,0.013984203,11.29093567,48
[219],"{finance,list,subscribe}",=>,{risk},0.003107601,0.222222222,0.013984203,11.29093567,48
[220],"{add,finance,subscribe}",=>,{risk},0.003107601,0.222222222,0.013984203,11.29093567,48
[221],"{finance,place,subscribe}",=>,{risk},0.003107601,0.222222222,0.013984203,11.29093567,48
[222],"{feature,finance,latest}",=>,{risk},0.003107601,0.222222222,0.013984203,11.29093567,48
[223],"{finance,latest,longer}",=>,{risk},0.003107601,0.222222222,0.013984203,11.29093567,48
[224],"{finance,latest,relevant}",=>,{risk},0.003107601,0.222222222,0.013984203,11.29093567,48
[225],"{finance,latest,source}",=>,{risk},0.003107601,0.222222222,0.013984203,11.29093567,48
[226],"{finance,latest,topic}",=>,{risk},0.003107601,0.222222222,0.013984203,11.29093567,48
[227],"{finance,latest,list}",=>,{risk},0.003107601,0.222222222,0.013984203,11.29093567,48
[228],"{finance,latest,new}",=>,{risk},0.003107601,0.222222222,0.013984203,11.29093567,48
[229],"{feature,finance,longer}",=>,{risk},0.003107601,0.222222222,0.013984203,11.29093567,48
[230],"{feature,finance,relevant}",=>,{risk},0.003107601,0.222222222,0.013984203,11.29093567,48
[231],"{feature,finance,source}",=>,{risk},0.003107601,0.222222222,0.013984203,11.29093567,48
[232],"{feature,finance,unique}",=>,{risk},0.003107601,0.222222222,0.013984203,11.29093567,48
[233],"{feature,finance,topic}",=>,{risk},0.003107601,0.222222222,0.013984203,11.29093567,48
[234],"{check,feature,finance}",=>,{risk},0.003107601,0.222222222,0.013984203,11.29093567,48
[235],"{feature,finance,new}",=>,{risk},0.003107601,0.222222222,0.013984203,11.29093567,48
[236],"{finance,longer,relevant}",=>,{risk},0.003107601,0.222222222,0.013984203,11.29093567,48
[237],"{finance,longer,source}",=>,{risk},0.003107601,0.222222222,0.013984203,11.29093567,48
[238],"{finance,longer,topic}",=>,{risk},0.003107601,0.222222222,0.013984203,11.29093567,48
[239],"{finance,source,topic}",=>,{risk},0.003107601,0.222222222,0.013984203,11.29093567,48
[240],"{add,finance,source}",=>,{risk},0.003107601,0.222222222,0.013984203,11.29093567,48
[241],"{check,finance,unique}",=>,{risk},0.003237084,0.222222222,0.014566878,11.29093567,50
[242],"{admission,finance,unique}",=>,{risk},0.003366567,0.222222222,0.015149553,11.29093567,52
[243],"{class,may,time}",=>,{covid},0.003560792,0.213178295,0.016703354,11.27654773,55
[244],"{add,finance,topic}",=>,{risk},0.003172342,0.221719457,0.014307911,11.26539057,49
[245],"{help,management,part}",=>,{risk},0.003172342,0.221719457,0.014307911,11.26539057,49
[246],"{global,place,time}",=>,{risk},0.003237084,0.221238938,0.01463162,11.24097578,50
[247],"{finance,follow,list}",=>,{risk},0.003237084,0.221238938,0.01463162,11.24097578,50
[248],"{featured,finance}",=>,{risk},0.003107601,0.221198157,0.014048945,11.23890371,48
[249],"{finance,poster}",=>,{risk},0.003107601,0.221198157,0.014048945,11.23890371,48
[250],"{dozen,finance}",=>,{risk},0.003107601,0.221198157,0.014048945,11.23890371,48
[251],"{entry,finance,timely}",=>,{risk},0.003107601,0.221198157,0.014048945,11.23890371,48
[252],"{finance,relevant,timely}",=>,{risk},0.003107601,0.221198157,0.014048945,11.23890371,48
[253],"{finance,source,timely}",=>,{risk},0.003107601,0.221198157,0.014048945,11.23890371,48
[254],"{finance,place,timely}",=>,{risk},0.003107601,0.221198157,0.014048945,11.23890371,48
[255],"{finance,student,timely}",=>,{risk},0.003107601,0.221198157,0.014048945,11.23890371,48
[256],"{admission,featured,finance}",=>,{risk},0.003107601,0.221198157,0.014048945,11.23890371,48
[257],"{finance,relevant,visitor}",=>,{risk},0.003107601,0.221198157,0.014048945,11.23890371,48
[258],"{finance,follow,visitor}",=>,{risk},0.003107601,0.221198157,0.014048945,11.23890371,48
[259],"{finance,list,visitor}",=>,{risk},0.003107601,0.221198157,0.014048945,11.23890371,48
[260],"{finance,place,visitor}",=>,{risk},0.003107601,0.221198157,0.014048945,11.23890371,48
[261],"{finance,new,visitor}",=>,{risk},0.003107601,0.221198157,0.014048945,11.23890371,48
[262],"{finance,student,visitor}",=>,{risk},0.003107601,0.221198157,0.014048945,11.23890371,48
[263],"{admission,finance,visitor}",=>,{risk},0.003107601,0.221198157,0.014048945,11.23890371,48
[264],"{finance,latest,poster}",=>,{risk},0.003107601,0.221198157,0.014048945,11.23890371,48
[265],"{finance,poster,something}",=>,{risk},0.003107601,0.221198157,0.014048945,11.23890371,48
[266],"{finance,poster,student}",=>,{risk},0.003107601,0.221198157,0.014048945,11.23890371,48
[267],"{finance,monthly,subscribe}",=>,{risk},0.003107601,0.221198157,0.014048945,11.23890371,48
[268],"{finance,monthly,source}",=>,{risk},0.003107601,0.221198157,0.014048945,11.23890371,48
[269],"{dozen,finance,unique}",=>,{risk},0.003107601,0.221198157,0.014048945,11.23890371,48
[270],"{dozen,finance,topic}",=>,{risk},0.003107601,0.221198157,0.014048945,11.23890371,48
[271],"{add,dozen,finance}",=>,{risk},0.003107601,0.221198157,0.014048945,11.23890371,48
[272],"{check,dozen,finance}",=>,{risk},0.003107601,0.221198157,0.014048945,11.23890371,48
[273],"{dozen,finance,student}",=>,{risk},0.003107601,0.221198157,0.014048945,11.23890371,48
[274],"{admission,dozen,finance}",=>,{risk},0.003107601,0.221198157,0.014048945,11.23890371,48
[275],"{finance,subscribe,twitter}",=>,{risk},0.003107601,0.221198157,0.014048945,11.23890371,48
[276],"{finance,latest,twitter}",=>,{risk},0.003107601,0.221198157,0.014048945,11.23890371,48
[277],"{feature,finance,twitter}",=>,{risk},0.003107601,0.221198157,0.014048945,11.23890371,48
[278],"{finance,relevant,twitter}",=>,{risk},0.003107601,0.221198157,0.014048945,11.23890371,48
[279],"{finance,source,twitter}",=>,{risk},0.003107601,0.221198157,0.014048945,11.23890371,48
[280],"{check,finance,twitter}",=>,{risk},0.003107601,0.221198157,0.014048945,11.23890371,48
[281],"{finance,new,twitter}",=>,{risk},0.003107601,0.221198157,0.014048945,11.23890371,48
[282],"{entry,finance,source}",=>,{risk},0.003107601,0.221198157,0.014048945,11.23890371,48
[283],"{finance,relevant,subscribe}",=>,{risk},0.003107601,0.221198157,0.014048945,11.23890371,48
[284],"{finance,follow,subscribe}",=>,{risk},0.003107601,0.221198157,0.014048945,11.23890371,48
[285],"{finance,subscribe,unique}",=>,{risk},0.003107601,0.221198157,0.014048945,11.23890371,48
[286],"{check,finance,subscribe}",=>,{risk},0.003107601,0.221198157,0.014048945,11.23890371,48
[287],"{finance,something,subscribe}",=>,{risk},0.003107601,0.221198157,0.014048945,11.23890371,48
[288],"{finance,new,subscribe}",=>,{risk},0.003107601,0.221198157,0.014048945,11.23890371,48
[289],"{admission,finance,subscribe}",=>,{risk},0.003107601,0.221198157,0.014048945,11.23890371,48
[290],"{finance,follow,latest}",=>,{risk},0.003107601,0.221198157,0.014048945,11.23890371,48
[291],"{finance,latest,unique}",=>,{risk},0.003107601,0.221198157,0.014048945,11.23890371,48
[292],"{add,finance,latest}",=>,{risk},0.003107601,0.221198157,0.014048945,11.23890371,48
[293],"{finance,latest,place}",=>,{risk},0.003107601,0.221198157,0.014048945,11.23890371,48
[294],"{check,finance,latest}",=>,{risk},0.003107601,0.221198157,0.014048945,11.23890371,48
[295],"{feature,finance,list}",=>,{risk},0.003107601,0.221198157,0.014048945,11.23890371,48
[296],"{feature,finance,something}",=>,{risk},0.003107601,0.221198157,0.014048945,11.23890371,48
[297],"{admission,feature,finance}",=>,{risk},0.003107601,0.221198157,0.014048945,11.23890371,48
[298],"{finance,longer,unique}",=>,{risk},0.003107601,0.221198157,0.014048945,11.23890371,48
[299],"{finance,list,longer}",=>,{risk},0.003107601,0.221198157,0.014048945,11.23890371,48
[300],"{add,finance,longer}",=>,{risk},0.003107601,0.221198157,0.014048945,11.23890371,48
[301],"{finance,longer,something}",=>,{risk},0.003107601,0.221198157,0.014048945,11.23890371,48
[302],"{finance,follow,source}",=>,{risk},0.003107601,0.221198157,0.014048945,11.23890371,48
[303],"{finance,source,unique}",=>,{risk},0.003107601,0.221198157,0.014048945,11.23890371,48
[304],"{finance,list,source}",=>,{risk},0.003107601,0.221198157,0.014048945,11.23890371,48
[305],"{finance,place,source}",=>,{risk},0.003107601,0.221198157,0.014048945,11.23890371,48
[306],"{add,finance,unique}",=>,{risk},0.003107601,0.221198157,0.014048945,11.23890371,48
[307],"{finance,student,unique}",=>,{risk},0.003301826,0.220779221,0.014955328,11.21761791,51
[308],"{admission,check,finance}",=>,{risk},0.003366567,0.220338983,0.015279037,11.19524978,52
[309],"{finance,visitor}",=>,{risk},0.003107601,0.220183486,0.014113686,11.18734911,48
[310],"{blend,finance,monthly}",=>,{risk},0.003107601,0.220183486,0.014113686,11.18734911,48
[311],"{check,finance,monthly}",=>,{risk},0.003107601,0.220183486,0.014113686,11.18734911,48
[312],"{finance,monthly,new}",=>,{risk},0.003107601,0.220183486,0.014113686,11.18734911,48
[313],"{finance,follow,twitter}",=>,{risk},0.003107601,0.220183486,0.014113686,11.18734911,48
[314],"{finance,twitter,unique}",=>,{risk},0.003107601,0.220183486,0.014113686,11.18734911,48
[315],"{finance,something,twitter}",=>,{risk},0.003107601,0.220183486,0.014113686,11.18734911,48
[316],"{admission,finance,twitter}",=>,{risk},0.003107601,0.220183486,0.014113686,11.18734911,48
[317],"{entry,finance,list}",=>,{risk},0.003107601,0.220183486,0.014113686,11.18734911,48
[318],"{add,entry,finance}",=>,{risk},0.003107601,0.220183486,0.014113686,11.18734911,48
[319],"{entry,finance,place}",=>,{risk},0.003107601,0.220183486,0.014113686,11.18734911,48
[320],"{finance,latest,something}",=>,{risk},0.003107601,0.220183486,0.014113686,11.18734911,48
[321],"{admission,finance,latest}",=>,{risk},0.003107601,0.220183486,0.014113686,11.18734911,48
[322],"{feature,finance,follow}",=>,{risk},0.003107601,0.220183486,0.014113686,11.18734911,48
[323],"{add,feature,finance}",=>,{risk},0.003107601,0.220183486,0.014113686,11.18734911,48
[324],"{feature,finance,place}",=>,{risk},0.003107601,0.220183486,0.014113686,11.18734911,48
[325],"{finance,follow,longer}",=>,{risk},0.003107601,0.220183486,0.014113686,11.18734911,48
[326],"{finance,longer,place}",=>,{risk},0.003107601,0.220183486,0.014113686,11.18734911,48
[327],"{check,finance,longer}",=>,{risk},0.003107601,0.220183486,0.014113686,11.18734911,48
[328],"{finance,relevant,source}",=>,{risk},0.003107601,0.220183486,0.014113686,11.18734911,48
[329],"{finance,relevant,topic}",=>,{risk},0.003107601,0.220183486,0.014113686,11.18734911,48
[330],"{check,finance,relevant}",=>,{risk},0.003107601,0.220183486,0.014113686,11.18734911,48
[331],"{check,finance,source}",=>,{risk},0.003107601,0.220183486,0.014113686,11.18734911,48
[332],"{finance,something,source}",=>,{risk},0.003107601,0.220183486,0.014113686,11.18734911,48
[333],"{finance,new,source}",=>,{risk},0.003107601,0.220183486,0.014113686,11.18734911,48
[334],"{admission,finance,source}",=>,{risk},0.003107601,0.220183486,0.014113686,11.18734911,48
[335],"{finance,list,topic}",=>,{risk},0.003107601,0.220183486,0.014113686,11.18734911,48
[336],"{check,finance,follow}",=>,{risk},0.003172342,0.219730942,0.014437395,11.16435568,49
[337],"{add,global,time}",=>,{risk},0.003042859,0.219626168,0.01385472,11.15903222,47
[338],"{experience,part,term}",=>,{risk},0.003237084,0.219298246,0.014761103,11.14237073,50
[339],"{finance,monthly}",=>,{risk},0.003107601,0.219178082,0.014178428,11.13626532,48
[340],"{finance,twitter}",=>,{risk},0.003107601,0.219178082,0.014178428,11.13626532,48
[341],"{finance,monthly,student}",=>,{risk},0.003107601,0.219178082,0.014178428,11.13626532,48
[342],"{finance,student,twitter}",=>,{risk},0.003107601,0.219178082,0.014178428,11.13626532,48
[343],"{entry,finance,something}",=>,{risk},0.003107601,0.219178082,0.014178428,11.13626532,48
[344],"{admission,entry,finance}",=>,{risk},0.003107601,0.219178082,0.014178428,11.13626532,48
[345],"{finance,latest,student}",=>,{risk},0.003107601,0.219178082,0.014178428,11.13626532,48
[346],"{feature,finance,student}",=>,{risk},0.003107601,0.219178082,0.014178428,11.13626532,48
[347],"{finance,follow,relevant}",=>,{risk},0.003107601,0.219178082,0.014178428,11.13626532,48
[348],"{add,finance,relevant}",=>,{risk},0.003107601,0.219178082,0.014178428,11.13626532,48
[349],"{finance,topic,unique}",=>,{risk},0.003107601,0.219178082,0.014178428,11.13626532,48
[350],"{business,global,time}",=>,{risk},0.003301826,0.21888412,0.015084812,11.12132934,51
[351],"{finance,list,new}",=>,{risk},0.003301826,0.21888412,0.015084812,11.12132934,51
[352],"{admission,finance,place}",=>,{risk},0.003301826,0.21888412,0.015084812,11.12132934,51
[353],"{check,finance,new}",=>,{risk},0.003301826,0.21888412,0.015084812,11.12132934,51
[354],"{finance,new,something}",=>,{risk},0.003301826,0.21888412,0.015084812,11.12132934,51
[355],"{financial,part}",=>,{risk},0.003237084,0.218340611,0.014825845,11.09371409,50
[356],"{finance,subscribe}",=>,{risk},0.003107601,0.218181818,0.01424317,11.08564593,48
[357],"{entry,finance,relevant}",=>,{risk},0.003107601,0.218181818,0.01424317,11.08564593,48
[358],"{finance,source,subscribe}",=>,{risk},0.003107601,0.218181818,0.01424317,11.08564593,48
[359],"{finance,student,subscribe}",=>,{risk},0.003107601,0.218181818,0.01424317,11.08564593,48
[360],"{finance,longer,new}",=>,{risk},0.003107601,0.218181818,0.01424317,11.08564593,48
[361],"{admission,finance,longer}",=>,{risk},0.003107601,0.218181818,0.01424317,11.08564593,48
[362],"{finance,relevant,unique}",=>,{risk},0.003107601,0.218181818,0.01424317,11.08564593,48
[363],"{finance,place,relevant}",=>,{risk},0.003107601,0.218181818,0.01424317,11.08564593,48
[364],"{finance,follow,topic}",=>,{risk},0.003107601,0.218181818,0.01424317,11.08564593,48
[365],"{finance,follow,place}",=>,{risk},0.003107601,0.218181818,0.01424317,11.08564593,48
[366],"{experience,global,time}",=>,{risk},0.003172342,0.217777778,0.014566878,11.06511696,49
[367],"{admission,finance,topic}",=>,{risk},0.003172342,0.217777778,0.014566878,11.06511696,49
[368],"{global,university}",=>,{risk},0.003237084,0.217391304,0.014890587,11.04548055,50
[369],"{admission,finance,follow}",=>,{risk},0.003237084,0.217391304,0.014890587,11.04548055,50
[370],"{feature,finance}",=>,{risk},0.003107601,0.21719457,0.014307911,11.03548464,48
[371],"{entry,finance,new}",=>,{risk},0.003107601,0.21719457,0.014307911,11.03548464,48
[372],"{finance,list,relevant}",=>,{risk},0.003107601,0.21719457,0.014307911,11.03548464,48
[373],"{add,finance,follow}",=>,{risk},0.003107601,0.21719457,0.014307911,11.03548464,48
[374],"{add,check,finance}",=>,{risk},0.003107601,0.21719457,0.014307911,11.03548464,48
[375],"{finance,something,student}",=>,{risk},0.003496051,0.21686747,0.016120678,11.01886493,54
[376],"{finance,list,place}",=>,{risk},0.003172342,0.216814159,0.01463162,11.01615626,49
[377],"{business,job,part}",=>,{risk},0.003690276,0.216730038,0.017027062,11.01188213,57
[378],"{add,admission,finance}",=>,{risk},0.003237084,0.216450216,0.014955328,10.99766462,50
[379],"{finance,unique}",=>,{risk},0.003431309,0.216326531,0.015861712,10.99138024,53
[380],"{finance,longer,student}",=>,{risk},0.003107601,0.216216216,0.014372653,10.98577525,48
[381],"{finance,relevant,something}",=>,{risk},0.003107601,0.216216216,0.014372653,10.98577525,48
[382],"{finance,new,relevant}",=>,{risk},0.003107601,0.216216216,0.014372653,10.98577525,48
[383],"{check,finance,topic}",=>,{risk},0.003107601,0.216216216,0.014372653,10.98577525,48
[384],"{finance,list,student}",=>,{risk},0.003301826,0.216101695,0.015279037,10.97995651,51
[385],"{add,finance,something}",=>,{risk},0.003172342,0.215859031,0.014696362,10.96762694,49
[386],"{business,finance,something}",=>,{risk},0.003172342,0.215859031,0.014696362,10.96762694,49
[387],"{global,something,year}",=>,{risk},0.003042859,0.21559633,0.014113686,10.95427933,47
[388],"{finance,follow,new}",=>,{risk},0.003237084,0.215517241,0.01502007,10.95026089,50
[389],"{finance,follow,student}",=>,{risk},0.003237084,0.215517241,0.01502007,10.95026089,50
[390],"{add,finance,student}",=>,{risk},0.003237084,0.215517241,0.01502007,10.95026089,50
[391],"{entry,finance,student}",=>,{risk},0.003107601,0.215246637,0.014437395,10.93651168,48
[392],"{finance,source,student}",=>,{risk},0.003107601,0.215246637,0.014437395,10.93651168,48
[393],"{finance,new,place}",=>,{risk},0.003237084,0.214592275,0.015084812,10.90326406,50
[394],"{finance,latest}",=>,{risk},0.003107601,0.214285714,0.014502136,10.88768797,48
[395],"{admission,finance,relevant}",=>,{risk},0.003107601,0.214285714,0.014502136,10.88768797,48
[396],"{finance,place,student}",=>,{risk},0.003366567,0.21399177,0.015732228,10.87275287,52
[397],"{finance,student,topic}",=>,{risk},0.003172342,0.213973799,0.014825845,10.87183981,49
[398],"{add,finance,new}",=>,{risk},0.003172342,0.213973799,0.014825845,10.87183981,49
[399],"{check,finance,student}",=>,{risk},0.003301826,0.213389121,0.015473262,10.84213279,51
[400],"{finance,new,topic}",=>,{risk},0.003107601,0.213333333,0.014566878,10.83929825,48
[401],"{add,finance,list}",=>,{risk},0.003107601,0.213333333,0.014566878,10.83929825,48
[402],"{first,global,place}",=>,{risk},0.003172342,0.213043478,0.014890587,10.82457094,49
[403],"{admission,finance,student}",=>,{risk},0.003884501,0.212765957,0.018257154,10.81047032,60
[404],"{global,student,year}",=>,{risk},0.004208209,0.211726384,0.019875696,10.75765044,65
[405],"{financial,management,year}",=>,{risk},0.003042859,0.211711712,0.014372653,10.75690493,47
[406],"{first,global,unique}",=>,{risk},0.003042859,0.211711712,0.014372653,10.75690493,47
[407],"{business,finance,place}",=>,{risk},0.003042859,0.211711712,0.014372653,10.75690493,47
[408],"{finance,longer}",=>,{risk},0.003107601,0.211453744,0.014696362,10.74379782,48
[409],"{finance,relevant,student}",=>,{risk},0.003107601,0.211453744,0.014696362,10.74379782,48
[410],"{finance,part}",=>,{risk},0.003172342,0.211206897,0.01502007,10.73125567,49
[411],"{entry,finance}",=>,{risk},0.003172342,0.211206897,0.01502007,10.73125567,49
[412],"{business,finance,student}",=>,{risk},0.003949243,0.211072664,0.018710346,10.72443544,61
[413],"{finance,topic}",=>,{risk},0.003237084,0.210970464,0.015343778,10.71924273,50
[414],"{much,something,take}",=>,{risk},0.003237084,0.210970464,0.015343778,10.71924273,50
[415],"{global,student,time}",=>,{risk},0.003755017,0.210909091,0.017803962,10.7161244,58
[416],"{business,level,student}",=>,{risk},0.003042859,0.210762332,0.014437395,10.70866769,47
[417],"{industry,management,student}",=>,{risk},0.003301826,0.210743802,0.015667487,10.70772619,51
[418],"{business,follow,future}",=>,{risk},0.003107601,0.210526316,0.014761103,10.6966759,48
[419],"{class,let,may}",=>,{admit},0.003107601,0.444444444,0.006992102,10.67634353,48
[420],"{business,global,unique}",=>,{risk},0.003237084,0.210084034,0.01540852,10.67420389,50
[421],"{part,term,year}",=>,{risk},0.003560792,0.209923664,0.01696232,10.66605564,55
[422],"{global,program,student}",=>,{risk},0.003042859,0.209821429,0.014502136,10.66086114,47
[423],"{management,timely,university}",=>,{risk},0.003107601,0.209606987,0.014825845,10.64996553,48
[424],"{management,monthly,university}",=>,{risk},0.003107601,0.209606987,0.014825845,10.64996553,48
[425],"{job,management,student}",=>,{risk},0.003172342,0.209401709,0.015149553,10.63953554,49
[426],"{experience,global,year}",=>,{risk},0.003819759,0.209219858,0.018257154,10.63029582,59
[427],"{business,future,something}",=>,{risk},0.003301826,0.209016393,0.01579697,10.61995794,51
[428],"{global,place,year}",=>,{risk},0.003042859,0.208888889,0.014566878,10.61347953,47
[429],"{business,global,something}",=>,{risk},0.003366567,0.208835341,0.016120678,10.61075882,52
[430],"{finance,source}",=>,{risk},0.003107601,0.208695652,0.014890587,10.60366133,48
[431],"{business,global,timely}",=>,{risk},0.003107601,0.208695652,0.014890587,10.60366133,48
[432],"{finance,list}",=>,{risk},0.003431309,0.208661417,0.016444387,10.60192188,53
[433],"{business,experience,global}",=>,{risk},0.003172342,0.208510638,0.015214295,10.59426092,49
[434],"{global,new,time}",=>,{risk},0.003496051,0.208494208,0.016768095,10.59342613,54
[435],"{finance,follow}",=>,{risk},0.003237084,0.208333333,0.015538003,10.58525219,50
[436],"{global,student,unique}",=>,{risk},0.003949243,0.208191126,0.018969312,10.57802676,61
[437],"{financial,list,something}",=>,{risk},0.003301826,0.208163265,0.015861712,10.57661117,51
[438],"{experience,job,part}",=>,{risk},0.003755017,0.207885305,0.018062929,10.56248821,58
[439],"{featured,management,university}",=>,{risk},0.003107601,0.207792208,0.014955328,10.55775803,48
[440],"{strategy,welcome}",=>,{admit},0.003042859,0.439252336,0.00692736,10.55161989,47
[441],"{decision,may,use}",=>,{admit},0.003042859,0.439252336,0.00692736,10.55161989,47
[442],"{admission,global,unique}",=>,{risk},0.003949243,0.207482993,0.019034054,10.54204708,61
[443],"{financial,new,timely}",=>,{risk},0.003237084,0.20746888,0.015602745,10.54132998,50
[444],"{business,global,student}",=>,{risk},0.004013984,0.20735786,0.019357763,10.53568914,62
[445],"{business,global,place}",=>,{risk},0.003366567,0.207171315,0.016250162,10.52621095,52
[446],"{first,global,student}",=>,{risk},0.003431309,0.20703125,0.01657387,10.51909437,53
[447],"{financial,timely}",=>,{risk},0.003237084,0.20661157,0.015667487,10.49777077,50
[448],"{financial,relevant,timely}",=>,{risk},0.003237084,0.20661157,0.015667487,10.49777077,50
[449],"{financial,place,timely}",=>,{risk},0.003237084,0.20661157,0.015667487,10.49777077,50
[450],"{financial,student,timely}",=>,{risk},0.003237084,0.20661157,0.015667487,10.49777077,50
[451],"{global,something,student}",=>,{risk},0.004078726,0.206557377,0.019746213,10.49501726,63
[452],"{add,finance}",=>,{risk},0.003366567,0.206349206,0.016314904,10.48444027,52
[453],"{global,list,unique}",=>,{risk},0.003819759,0.206293706,0.018516121,10.48162035,59
[454],"{add,global,topic}",=>,{risk},0.003819759,0.206293706,0.018516121,10.48162035,59
[455],"{global,something,unique}",=>,{risk},0.003884501,0.206185567,0.018839829,10.47612588,60
[456],"{global,unique}",=>,{risk},0.003949243,0.206081081,0.019163537,10.47081703,61
[457],"{global,new,something}",=>,{risk},0.004078726,0.205882353,0.019810954,10.46071981,63
[458],"{financial,place,relevant}",=>,{risk},0.003237084,0.205761317,0.015732228,10.45457007,50
[459],"{global,new,timely}",=>,{risk},0.003755017,0.205673759,0.018257154,10.45012131,58
[460],"{global,something,topic}",=>,{risk},0.003819759,0.205574913,0.018580862,10.44509903,59
[461],"{finance,place}",=>,{risk},0.003496051,0.205323194,0.017027062,10.43230939,54
[462],"{finance,relevant}",=>,{risk},0.003107601,0.205128205,0.015149553,10.42240216,48
[463],"{business,future,unique}",=>,{risk},0.003107601,0.205128205,0.015149553,10.42240216,48
[464],"{global,timely}",=>,{risk},0.003755017,0.204946996,0.018321896,10.41319509,58
[465],"{global,relevant,timely}",=>,{risk},0.003755017,0.204946996,0.018321896,10.41319509,58
[466],"{global,place,timely}",=>,{risk},0.003755017,0.204946996,0.018321896,10.41319509,58
[467],"{global,student,timely}",=>,{risk},0.003755017,0.204946996,0.018321896,10.41319509,58
[468],"{financial,list,unique}",=>,{risk},0.003237084,0.204918033,0.01579697,10.41172347,50
[469],"{check,financial,list}",=>,{risk},0.003237084,0.204918033,0.01579697,10.41172347,50
[470],"{part,term,work}",=>,{risk},0.003301826,0.204819277,0.016120678,10.40670577,51
[471],"{global,time,year}",=>,{risk},0.003366567,0.204724409,0.016444387,10.40188562,52
[472],"{admission,finance,new}",=>,{risk},0.003431309,0.204633205,0.016768095,10.39725157,53
[473],"{business,feature,global}",=>,{risk},0.003042859,0.204347826,0.014890587,10.38275172,47
[474],"{business,financial,place}",=>,{risk},0.003107601,0.204255319,0.015214295,10.37805151,48
[475],"{blend,financial,unique}",=>,{risk},0.003172342,0.204166667,0.015538003,10.37354715,49
[476],"{blend,financial,list}",=>,{risk},0.003172342,0.204166667,0.015538003,10.37354715,49
[477],"{blend,financial,place}",=>,{risk},0.003172342,0.204166667,0.015538003,10.37354715,49
[478],"{blend,check,financial}",=>,{risk},0.003172342,0.204166667,0.015538003,10.37354715,49
[479],"{blend,financial,something}",=>,{risk},0.003172342,0.204166667,0.015538003,10.37354715,49
[480],"{blend,financial,new}",=>,{risk},0.003172342,0.204166667,0.015538003,10.37354715,49
[481],"{blend,financial,student}",=>,{risk},0.003172342,0.204166667,0.015538003,10.37354715,49
[482],"{admission,blend,financial}",=>,{risk},0.003172342,0.204166667,0.015538003,10.37354715,49
[483],"{global,new,unique}",=>,{risk},0.003884501,0.204081633,0.019034054,10.36922664,60
[484],"{check,finance}",=>,{risk},0.003366567,0.203921569,0.016509129,10.36109391,52
[485],"{follow,global,unique}",=>,{risk},0.003755017,0.203508772,0.018451379,10.34012004,58
[486],"{global,list,something}",=>,{risk},0.003819759,0.203448276,0.018775087,10.33704628,59
[487],"{add,global,something}",=>,{risk},0.003819759,0.203448276,0.018775087,10.33704628,59
[488],"{business,follow,global}",=>,{risk},0.003107601,0.203389831,0.015279037,10.33407672,48
[489],"{blend,financial}",=>,{risk},0.003172342,0.203319502,0.015602745,10.33050339,49
[490],"{add,business,global}",=>,{risk},0.003172342,0.203319502,0.015602745,10.33050339,49
[491],"{financial,new,relevant}",=>,{risk},0.003237084,0.203252033,0.015926453,10.32707531,50
[492],"{financial,follow,list}",=>,{risk},0.003237084,0.203252033,0.015926453,10.32707531,50
[493],"{financial,new,unique}",=>,{risk},0.003237084,0.203252033,0.015926453,10.32707531,50
[494],"{check,financial,place}",=>,{risk},0.003237084,0.203252033,0.015926453,10.32707531,50
[495],"{blend,global,unique}",=>,{risk},0.003690276,0.202846975,0.018192412,10.30649466,57
[496],"{blend,global,list}",=>,{risk},0.003690276,0.202846975,0.018192412,10.30649466,57
[497],"{blend,global,place}",=>,{risk},0.003690276,0.202846975,0.018192412,10.30649466,57
[498],"{blend,check,global}",=>,{risk},0.003690276,0.202846975,0.018192412,10.30649466,57
[499],"{blend,global,something}",=>,{risk},0.003690276,0.202846975,0.018192412,10.30649466,57
[500],"{blend,global,new}",=>,{risk},0.003690276,0.202846975,0.018192412,10.30649466,57
[501],"{blend,global,student}",=>,{risk},0.003690276,0.202846975,0.018192412,10.30649466,57
[502],"{admission,blend,global}",=>,{risk},0.003690276,0.202846975,0.018192412,10.30649466,57
[503],"{feature,global,unique}",=>,{risk},0.003690276,0.202846975,0.018192412,10.30649466,57
[504],"{feature,global,student}",=>,{risk},0.003690276,0.202846975,0.018192412,10.30649466,57
[505],"{admission,feature,global}",=>,{risk},0.003690276,0.202846975,0.018192412,10.30649466,57
[506],"{follow,global,something}",=>,{risk},0.003755017,0.202797203,0.018516121,10.30396577,58
[507],"{add,global,new}",=>,{risk},0.003819759,0.202749141,0.018839829,10.30152378,59
[508],"{company,management,part}",=>,{risk},0.003042859,0.202586207,0.01502007,10.29324524,47
[509],"{global,something}",=>,{risk},0.004078726,0.202572347,0.020134663,10.29254104,63
[510],"{longer,management,university}",=>,{risk},0.003107601,0.202531646,0.015343778,10.29047302,48
[511],"{financial,list,longer}",=>,{risk},0.003172342,0.202479339,0.015667487,10.28781535,49
[512],"{financial,longer,something}",=>,{risk},0.003172342,0.202479339,0.015667487,10.28781535,49
[513],"{business,global,topic}",=>,{risk},0.003172342,0.202479339,0.015667487,10.28781535,49
[514],"{experience,finance,student}",=>,{risk},0.003172342,0.202479339,0.015667487,10.28781535,49
[515],"{business,industry,part}",=>,{risk},0.003172342,0.202479339,0.015667487,10.28781535,49
[516],"{financial,something,unique}",=>,{risk},0.003237084,0.20242915,0.015991195,10.28526529,50
[517],"{admission,business,finance}",=>,{risk},0.003431309,0.202290076,0.01696232,10.27819908,53
[518],"{blend,global}",=>,{risk},0.003690276,0.20212766,0.018257154,10.26994681,57
[519],"{global,source,unique}",=>,{risk},0.003690276,0.20212766,0.018257154,10.26994681,57
[520],"{global,new,topic}",=>,{risk},0.003819759,0.202054795,0.018904571,10.26624459,59
[521],"{global,student,topic}",=>,{risk},0.003819759,0.202054795,0.018904571,10.26624459,59
[522],"{financial,follow,longer}",=>,{risk},0.003172342,0.201646091,0.015732228,10.24547867,49
[523],"{check,financial,longer}",=>,{risk},0.003172342,0.201646091,0.015732228,10.24547867,49
[524],"{financial,relevant,something}",=>,{risk},0.003172342,0.201646091,0.015732228,10.24547867,49
[525],"{global,student,work}",=>,{risk},0.003172342,0.201646091,0.015732228,10.24547867,49
[526],"{management,relevant,university}",=>,{risk},0.003172342,0.201646091,0.015732228,10.24547867,49
[527],"{financial,place,something}",=>,{risk},0.003237084,0.201612903,0.016055937,10.24379244,50
[528],"{finance,something}",=>,{risk},0.003560792,0.201465201,0.017674479,10.23628783,55
[529],"{business,global,year}",=>,{risk},0.003625534,0.201438849,0.017998187,10.23494888,56
[530],"{global,place,source}",=>,{risk},0.003690276,0.201413428,0.018321896,10.23365724,57
[531],"{global,list,place}",=>,{risk},0.003690276,0.201413428,0.018321896,10.23365724,57
[532],"{global,place,relevant}",=>,{risk},0.003755017,0.201388889,0.018645604,10.23241045,58
[533],"{follow,global,list}",=>,{risk},0.003755017,0.201388889,0.018645604,10.23241045,58
[534],"{global,place,something}",=>,{risk},0.003755017,0.201388889,0.018645604,10.23241045,58
[535],"{follow,global,student}",=>,{risk},0.003819759,0.201365188,0.018969312,10.23120622,59
[536],"{admission,follow,global}",=>,{risk},0.003819759,0.201365188,0.018969312,10.23120622,59
[537],"{global,list,new}",=>,{risk},0.003819759,0.201365188,0.018969312,10.23120622,59
[538],"{global,new,place}",=>,{risk},0.003884501,0.201342282,0.019293021,10.23004239,60
[539],"{finance,first,student}",=>,{risk},0.003042859,0.200854701,0.015149553,10.20526878,47
[540],"{job,term,year}",=>,{risk},0.003042859,0.200854701,0.015149553,10.20526878,47
[541],"{check,company,management}",=>,{risk},0.003042859,0.200854701,0.015149553,10.20526878,47
[542],"{blend,financial,timely}",=>,{risk},0.003107601,0.20083682,0.015473262,10.20436027,48
[543],"{featured,financial,timely}",=>,{risk},0.003107601,0.20083682,0.015473262,10.20436027,48
[544],"{financial,timely,visitor}",=>,{risk},0.003107601,0.20083682,0.015473262,10.20436027,48
[545],"{financial,poster,timely}",=>,{risk},0.003107601,0.20083682,0.015473262,10.20436027,48
[546],"{financial,monthly,timely}",=>,{risk},0.003107601,0.20083682,0.015473262,10.20436027,48
[547],"{dozen,financial,timely}",=>,{risk},0.003107601,0.20083682,0.015473262,10.20436027,48
[548],"{financial,timely,twitter}",=>,{risk},0.003107601,0.20083682,0.015473262,10.20436027,48
[549],"{financial,subscribe,timely}",=>,{risk},0.003107601,0.20083682,0.015473262,10.20436027,48
[550],"{financial,latest,timely}",=>,{risk},0.003107601,0.20083682,0.015473262,10.20436027,48
[551],"{feature,financial,timely}",=>,{risk},0.003107601,0.20083682,0.015473262,10.20436027,48
[552],"{financial,longer,timely}",=>,{risk},0.003107601,0.20083682,0.015473262,10.20436027,48
[553],"{financial,follow,timely}",=>,{risk},0.003107601,0.20083682,0.015473262,10.20436027,48
[554],"{financial,timely,unique}",=>,{risk},0.003107601,0.20083682,0.015473262,10.20436027,48
[555],"{financial,timely,topic}",=>,{risk},0.003107601,0.20083682,0.015473262,10.20436027,48
[556],"{financial,list,timely}",=>,{risk},0.003107601,0.20083682,0.015473262,10.20436027,48
[557],"{add,financial,timely}",=>,{risk},0.003107601,0.20083682,0.015473262,10.20436027,48
[558],"{check,financial,timely}",=>,{risk},0.003107601,0.20083682,0.015473262,10.20436027,48
[559],"{financial,something,timely}",=>,{risk},0.003107601,0.20083682,0.015473262,10.20436027,48
[560],"{admission,financial,timely}",=>,{risk},0.003107601,0.20083682,0.015473262,10.20436027,48
[561],"{blend,featured,financial}",=>,{risk},0.003107601,0.20083682,0.015473262,10.20436027,48
[562],"{blend,financial,visitor}",=>,{risk},0.003107601,0.20083682,0.015473262,10.20436027,48
[563],"{blend,financial,poster}",=>,{risk},0.003107601,0.20083682,0.015473262,10.20436027,48
[564],"{blend,financial,monthly}",=>,{risk},0.003107601,0.20083682,0.015473262,10.20436027,48
[565],"{blend,dozen,financial}",=>,{risk},0.003107601,0.20083682,0.015473262,10.20436027,48
[566],"{blend,financial,twitter}",=>,{risk},0.003107601,0.20083682,0.015473262,10.20436027,48
[567],"{blend,entry,financial}",=>,{risk},0.003107601,0.20083682,0.015473262,10.20436027,48
[568],"{blend,financial,subscribe}",=>,{risk},0.003107601,0.20083682,0.015473262,10.20436027,48
[569],"{blend,financial,latest}",=>,{risk},0.003107601,0.20083682,0.015473262,10.20436027,48
[570],"{blend,feature,financial}",=>,{risk},0.003107601,0.20083682,0.015473262,10.20436027,48
[571],"{blend,financial,longer}",=>,{risk},0.003107601,0.20083682,0.015473262,10.20436027,48
[572],"{blend,financial,relevant}",=>,{risk},0.003107601,0.20083682,0.015473262,10.20436027,48
[573],"{blend,financial,source}",=>,{risk},0.003107601,0.20083682,0.015473262,10.20436027,48
[574],"{blend,financial,follow}",=>,{risk},0.003107601,0.20083682,0.015473262,10.20436027,48
[575],"{blend,financial,topic}",=>,{risk},0.003107601,0.20083682,0.015473262,10.20436027,48
[576],"{add,blend,financial}",=>,{risk},0.003107601,0.20083682,0.015473262,10.20436027,48
[577],"{featured,financial,visitor}",=>,{risk},0.003107601,0.20083682,0.015473262,10.20436027,48
[578],"{featured,financial,poster}",=>,{risk},0.003107601,0.20083682,0.015473262,10.20436027,48
[579],"{featured,financial,monthly}",=>,{risk},0.003107601,0.20083682,0.015473262,10.20436027,48
[580],"{dozen,featured,financial}",=>,{risk},0.003107601,0.20083682,0.015473262,10.20436027,48
[581],"{entry,featured,financial}",=>,{risk},0.003107601,0.20083682,0.015473262,10.20436027,48
[582],"{feature,featured,financial}",=>,{risk},0.003107601,0.20083682,0.015473262,10.20436027,48
[583],"{featured,financial,longer}",=>,{risk},0.003107601,0.20083682,0.015473262,10.20436027,48
[584],"{featured,financial,relevant}",=>,{risk},0.003107601,0.20083682,0.015473262,10.20436027,48
[585],"{featured,financial,topic}",=>,{risk},0.003107601,0.20083682,0.015473262,10.20436027,48
[586],"{featured,financial,list}",=>,{risk},0.003107601,0.20083682,0.015473262,10.20436027,48
[587],"{add,featured,financial}",=>,{risk},0.003107601,0.20083682,0.015473262,10.20436027,48
[588],"{financial,poster,visitor}",=>,{risk},0.003107601,0.20083682,0.015473262,10.20436027,48
[589],"{financial,monthly,visitor}",=>,{risk},0.003107601,0.20083682,0.015473262,10.20436027,48
[590],"{dozen,financial,visitor}",=>,{risk},0.003107601,0.20083682,0.015473262,10.20436027,48
[591],"{financial,twitter,visitor}",=>,{risk},0.003107601,0.20083682,0.015473262,10.20436027,48
[592],"{entry,financial,visitor}",=>,{risk},0.003107601,0.20083682,0.015473262,10.20436027,48
[593],"{financial,subscribe,visitor}",=>,{risk},0.003107601,0.20083682,0.015473262,10.20436027,48
[594],"{financial,latest,visitor}",=>,{risk},0.003107601,0.20083682,0.015473262,10.20436027,48
[595],"{feature,financial,visitor}",=>,{risk},0.003107601,0.20083682,0.015473262,10.20436027,48
[596],"{financial,longer,visitor}",=>,{risk},0.003107601,0.20083682,0.015473262,10.20436027,48
[597],"{financial,source,visitor}",=>,{risk},0.003107601,0.20083682,0.015473262,10.20436027,48
[598],"{financial,follow,visitor}",=>,{risk},0.003107601,0.20083682,0.015473262,10.20436027,48
[599],"{financial,unique,visitor}",=>,{risk},0.003107601,0.20083682,0.015473262,10.20436027,48
[600],"{financial,topic,visitor}",=>,{risk},0.003107601,0.20083682,0.015473262,10.20436027,48
[601],"{financial,list,visitor}",=>,{risk},0.003107601,0.20083682,0.015473262,10.20436027,48
[602],"{add,financial,visitor}",=>,{risk},0.003107601,0.20083682,0.015473262,10.20436027,48
[603],"{check,financial,visitor}",=>,{risk},0.003107601,0.20083682,0.015473262,10.20436027,48
[604],"{financial,something,visitor}",=>,{risk},0.003107601,0.20083682,0.015473262,10.20436027,48
[605],"{financial,new,visitor}",=>,{risk},0.003107601,0.20083682,0.015473262,10.20436027,48
[606],"{financial,monthly,poster}",=>,{risk},0.003107601,0.20083682,0.015473262,10.20436027,48
[607],"{dozen,financial,poster}",=>,{risk},0.003107601,0.20083682,0.015473262,10.20436027,48
[608],"{financial,poster,twitter}",=>,{risk},0.003107601,0.20083682,0.015473262,10.20436027,48
[609],"{entry,financial,poster}",=>,{risk},0.003107601,0.20083682,0.015473262,10.20436027,48
[610],"{financial,poster,subscribe}",=>,{risk},0.003107601,0.20083682,0.015473262,10.20436027,48
[611],"{financial,latest,poster}",=>,{risk},0.003107601,0.20083682,0.015473262,10.20436027,48
[612],"{feature,financial,poster}",=>,{risk},0.003107601,0.20083682,0.015473262,10.20436027,48
[613],"{financial,longer,poster}",=>,{risk},0.003107601,0.20083682,0.015473262,10.20436027,48
[614],"{financial,poster,relevant}",=>,{risk},0.003107601,0.20083682,0.015473262,10.20436027,48
[615],"{financial,poster,source}",=>,{risk},0.003107601,0.20083682,0.015473262,10.20436027,48
[616],"{financial,follow,poster}",=>,{risk},0.003107601,0.20083682,0.015473262,10.20436027,48
[617],"{financial,poster,unique}",=>,{risk},0.003107601,0.20083682,0.015473262,10.20436027,48
[618],"{financial,poster,topic}",=>,{risk},0.003107601,0.20083682,0.015473262,10.20436027,48
[619],"{financial,list,poster}",=>,{risk},0.003107601,0.20083682,0.015473262,10.20436027,48
[620],"{add,financial,poster}",=>,{risk},0.003107601,0.20083682,0.015473262,10.20436027,48
[621],"{financial,place,poster}",=>,{risk},0.003107601,0.20083682,0.015473262,10.20436027,48
[622],"{check,financial,poster}",=>,{risk},0.003107601,0.20083682,0.015473262,10.20436027,48
[623],"{financial,poster,something}",=>,{risk},0.003107601,0.20083682,0.015473262,10.20436027,48
[624],"{financial,new,poster}",=>,{risk},0.003107601,0.20083682,0.015473262,10.20436027,48
[625],"{financial,poster,student}",=>,{risk},0.003107601,0.20083682,0.015473262,10.20436027,48
[626],"{dozen,financial,monthly}",=>,{risk},0.003107601,0.20083682,0.015473262,10.20436027,48
[627],"{financial,monthly,twitter}",=>,{risk},0.003107601,0.20083682,0.015473262,10.20436027,48
[628],"{entry,financial,monthly}",=>,{risk},0.003107601,0.20083682,0.015473262,10.20436027,48
[629],"{financial,latest,monthly}",=>,{risk},0.003107601,0.20083682,0.015473262,10.20436027,48
[630],"{feature,financial,monthly}",=>,{risk},0.003107601,0.20083682,0.015473262,10.20436027,48
[631],"{financial,longer,monthly}",=>,{risk},0.003107601,0.20083682,0.015473262,10.20436027,48
[632],"{financial,monthly,relevant}",=>,{risk},0.003107601,0.20083682,0.015473262,10.20436027,48
[633],"{financial,follow,monthly}",=>,{risk},0.003107601,0.20083682,0.015473262,10.20436027,48
[634],"{financial,monthly,unique}",=>,{risk},0.003107601,0.20083682,0.015473262,10.20436027,48
[635],"{financial,monthly,topic}",=>,{risk},0.003107601,0.20083682,0.015473262,10.20436027,48
[636],"{financial,list,monthly}",=>,{risk},0.003107601,0.20083682,0.015473262,10.20436027,48
[637],"{financial,monthly,place}",=>,{risk},0.003107601,0.20083682,0.015473262,10.20436027,48
[638],"{check,financial,monthly}",=>,{risk},0.003107601,0.20083682,0.015473262,10.20436027,48
[639],"{financial,monthly,something}",=>,{risk},0.003107601,0.20083682,0.015473262,10.20436027,48
[640],"{admission,financial,monthly}",=>,{risk},0.003107601,0.20083682,0.015473262,10.20436027,48
[641],"{dozen,financial,twitter}",=>,{risk},0.003107601,0.20083682,0.015473262,10.20436027,48
[642],"{dozen,entry,financial}",=>,{risk},0.003107601,0.20083682,0.015473262,10.20436027,48
[643],"{dozen,financial,subscribe}",=>,{risk},0.003107601,0.20083682,0.015473262,10.20436027,48
[644],"{dozen,financial,latest}",=>,{risk},0.003107601,0.20083682,0.015473262,10.20436027,48
[645],"{dozen,feature,financial}",=>,{risk},0.003107601,0.20083682,0.015473262,10.20436027,48
[646],"{dozen,financial,relevant}",=>,{risk},0.003107601,0.20083682,0.015473262,10.20436027,48
[647],"{dozen,financial,source}",=>,{risk},0.003107601,0.20083682,0.015473262,10.20436027,48
[648],"{dozen,financial,follow}",=>,{risk},0.003107601,0.20083682,0.015473262,10.20436027,48
[649],"{dozen,financial,unique}",=>,{risk},0.003107601,0.20083682,0.015473262,10.20436027,48
[650],"{add,dozen,financial}",=>,{risk},0.003107601,0.20083682,0.015473262,10.20436027,48
[651],"{dozen,financial,something}",=>,{risk},0.003107601,0.20083682,0.015473262,10.20436027,48
[652],"{entry,financial,twitter}",=>,{risk},0.003107601,0.20083682,0.015473262,10.20436027,48
[653],"{feature,financial,twitter}",=>,{risk},0.003107601,0.20083682,0.015473262,10.20436027,48
[654],"{add,financial,twitter}",=>,{risk},0.003107601,0.20083682,0.015473262,10.20436027,48
[655],"{entry,financial,subscribe}",=>,{risk},0.003107601,0.20083682,0.015473262,10.20436027,48
[656],"{entry,financial,latest}",=>,{risk},0.003107601,0.20083682,0.015473262,10.20436027,48
[657],"{entry,financial,longer}",=>,{risk},0.003107601,0.20083682,0.015473262,10.20436027,48
[658],"{entry,financial,follow}",=>,{risk},0.003107601,0.20083682,0.015473262,10.20436027,48
[659],"{entry,financial,topic}",=>,{risk},0.003107601,0.20083682,0.015473262,10.20436027,48
[660],"{entry,financial,list}",=>,{risk},0.003107601,0.20083682,0.015473262,10.20436027,48
[661],"{feature,financial,subscribe}",=>,{risk},0.003107601,0.20083682,0.015473262,10.20436027,48
[662],"{add,financial,subscribe}",=>,{risk},0.003107601,0.20083682,0.015473262,10.20436027,48
[663],"{feature,financial,latest}",=>,{risk},0.003107601,0.20083682,0.015473262,10.20436027,48
[664],"{financial,latest,relevant}",=>,{risk},0.003107601,0.20083682,0.015473262,10.20436027,48
[665],"{feature,financial,longer}",=>,{risk},0.003107601,0.20083682,0.015473262,10.20436027,48
[666],"{feature,financial,relevant}",=>,{risk},0.003107601,0.20083682,0.015473262,10.20436027,48
[667],"{feature,financial,follow}",=>,{risk},0.003107601,0.20083682,0.015473262,10.20436027,48
[668],"{feature,financial,topic}",=>,{risk},0.003107601,0.20083682,0.015473262,10.20436027,48
[669],"{feature,financial,place}",=>,{risk},0.003107601,0.20083682,0.015473262,10.20436027,48
[670],"{feature,financial,something}",=>,{risk},0.003107601,0.20083682,0.015473262,10.20436027,48
[671],"{financial,longer,relevant}",=>,{risk},0.003107601,0.20083682,0.015473262,10.20436027,48
[672],"{financial,topic,unique}",=>,{risk},0.003107601,0.20083682,0.015473262,10.20436027,48
[673],"{business,management,strategy}",=>,{risk},0.003107601,0.20083682,0.015473262,10.20436027,48
[674],"{financial,longer,place}",=>,{risk},0.003172342,0.200819672,0.01579697,10.203489,49
[675],"{financial,follow,unique}",=>,{risk},0.003172342,0.200819672,0.01579697,10.203489,49
[676],"{financial,relevant,student}",=>,{risk},0.003237084,0.200803213,0.016120678,10.20265272,50
[677],"{financial,list,place}",=>,{risk},0.003237084,0.200803213,0.016120678,10.20265272,50
[678],"{check,financial,something}",=>,{risk},0.003237084,0.200803213,0.016120678,10.20265272,50
[679],"{financial,relevant}",=>,{risk},0.003301826,0.200787402,0.016444387,10.20184936,51
[680],"{feature,global}",=>,{risk},0.003690276,0.200704225,0.018386637,10.19762324,57
[681],"{global,something,source}",=>,{risk},0.003690276,0.200704225,0.018386637,10.19762324,57
[682],"{global,relevant,student}",=>,{risk},0.003755017,0.200692042,0.018710346,10.19700419,58
[683],"{follow,global,new}",=>,{risk},0.003755017,0.200692042,0.018710346,10.19700419,58
[684],"{global,place,unique}",=>,{risk},0.003755017,0.200692042,0.018710346,10.19700419,58
[685],"{check,global,unique}",=>,{risk},0.003755017,0.200692042,0.018710346,10.19700419,58
[686],"{check,global,list}",=>,{risk},0.003755017,0.200692042,0.018710346,10.19700419,58
[687],"{check,global,something}",=>,{risk},0.003755017,0.200692042,0.018710346,10.19700419,58
[688],"{financial,poster}",=>,{risk},0.003107601,0.2,0.015538003,10.16184211,48
[689],"{global,visitor}",=>,{risk},0.003625534,0.2,0.018127671,10.16184211,56
[690],"{global,poster}",=>,{risk},0.003625534,0.2,0.018127671,10.16184211,56
[691],"{global,monthly}",=>,{risk},0.003625534,0.2,0.018127671,10.16184211,56
[692],"{dozen,global}",=>,{risk},0.003625534,0.2,0.018127671,10.16184211,56
[693],"{entry,financial,timely}",=>,{risk},0.003107601,0.2,0.015538003,10.16184211,48
[694],"{financial,source,timely}",=>,{risk},0.003107601,0.2,0.015538003,10.16184211,48
[695],"{featured,financial,unique}",=>,{risk},0.003107601,0.2,0.015538003,10.16184211,48
[696],"{featured,financial,place}",=>,{risk},0.003107601,0.2,0.015538003,10.16184211,48
[697],"{featured,financial,something}",=>,{risk},0.003107601,0.2,0.015538003,10.16184211,48
[698],"{featured,financial,new}",=>,{risk},0.003107601,0.2,0.015538003,10.16184211,48
[699],"{financial,relevant,visitor}",=>,{risk},0.003107601,0.2,0.015538003,10.16184211,48
[700],"{admission,financial,poster}",=>,{risk},0.003107601,0.2,0.015538003,10.16184211,48
[701],"{financial,monthly,subscribe}",=>,{risk},0.003107601,0.2,0.015538003,10.16184211,48
[702],"{financial,monthly,source}",=>,{risk},0.003107601,0.2,0.015538003,10.16184211,48
[703],"{add,financial,monthly}",=>,{risk},0.003107601,0.2,0.015538003,10.16184211,48
[704],"{financial,monthly,new}",=>,{risk},0.003107601,0.2,0.015538003,10.16184211,48
[705],"{dozen,financial,longer}",=>,{risk},0.003107601,0.2,0.015538003,10.16184211,48
[706],"{dozen,financial,list}",=>,{risk},0.003107601,0.2,0.015538003,10.16184211,48
[707],"{financial,longer,twitter}",=>,{risk},0.003107601,0.2,0.015538003,10.16184211,48
[708],"{financial,relevant,twitter}",=>,{risk},0.003107601,0.2,0.015538003,10.16184211,48
[709],"{financial,list,twitter}",=>,{risk},0.003107601,0.2,0.015538003,10.16184211,48
[710],"{entry,feature,financial}",=>,{risk},0.003107601,0.2,0.015538003,10.16184211,48
[711],"{entry,financial,source}",=>,{risk},0.003107601,0.2,0.015538003,10.16184211,48
[712],"{entry,financial,unique}",=>,{risk},0.003107601,0.2,0.015538003,10.16184211,48
[713],"{add,entry,financial}",=>,{risk},0.003107601,0.2,0.015538003,10.16184211,48
[714],"{entry,financial,place}",=>,{risk},0.003107601,0.2,0.015538003,10.16184211,48
[715],"{check,entry,financial}",=>,{risk},0.003107601,0.2,0.015538003,10.16184211,48
[716],"{entry,financial,something}",=>,{risk},0.003107601,0.2,0.015538003,10.16184211,48
[717],"{financial,relevant,subscribe}",=>,{risk},0.003107601,0.2,0.015538003,10.16184211,48
[718],"{financial,list,subscribe}",=>,{risk},0.003107601,0.2,0.015538003,10.16184211,48
[719],"{financial,latest,longer}",=>,{risk},0.003107601,0.2,0.015538003,10.16184211,48
[720],"{financial,latest,unique}",=>,{risk},0.003107601,0.2,0.015538003,10.16184211,48
[721],"{financial,latest,topic}",=>,{risk},0.003107601,0.2,0.015538003,10.16184211,48
[722],"{add,financial,latest}",=>,{risk},0.003107601,0.2,0.015538003,10.16184211,48
[723],"{financial,latest,something}",=>,{risk},0.003107601,0.2,0.015538003,10.16184211,48
[724],"{feature,financial,source}",=>,{risk},0.003107601,0.2,0.015538003,10.16184211,48
[725],"{feature,financial,unique}",=>,{risk},0.003107601,0.2,0.015538003,10.16184211,48
[726],"{feature,financial,list}",=>,{risk},0.003107601,0.2,0.015538003,10.16184211,48
[727],"{add,feature,financial}",=>,{risk},0.003107601,0.2,0.015538003,10.16184211,48
[728],"{check,feature,financial}",=>,{risk},0.003107601,0.2,0.015538003,10.16184211,48
[729],"{financial,longer,source}",=>,{risk},0.003107601,0.2,0.015538003,10.16184211,48
[730],"{financial,longer,unique}",=>,{risk},0.003107601,0.2,0.015538003,10.16184211,48
[731],"{financial,longer,topic}",=>,{risk},0.003107601,0.2,0.015538003,10.16184211,48
[732],"{add,financial,longer}",=>,{risk},0.003107601,0.2,0.015538003,10.16184211,48
[733],"{financial,follow,something}",=>,{risk},0.003237084,0.2,0.01618542,10.16184211,50
[734],"{financial,place,unique}",=>,{risk},0.003172342,0.2,0.015861712,10.16184211,49
[735],"{check,financial,unique}",=>,{risk},0.003172342,0.2,0.015861712,10.16184211,49
[736],"{add,financial,place}",=>,{risk},0.003107601,0.2,0.015538003,10.16184211,48
[737],"{check,financial,new}",=>,{risk},0.003301826,0.2,0.016509129,10.16184211,51
[738],"{financial,new,something}",=>,{risk},0.003301826,0.2,0.016509129,10.16184211,51
[739],"{blend,global,timely}",=>,{risk},0.003625534,0.2,0.018127671,10.16184211,56
[740],"{featured,global,timely}",=>,{risk},0.003625534,0.2,0.018127671,10.16184211,56
[741],"{global,timely,visitor}",=>,{risk},0.003625534,0.2,0.018127671,10.16184211,56
[742],"{global,poster,timely}",=>,{risk},0.003625534,0.2,0.018127671,10.16184211,56
[743],"{global,monthly,timely}",=>,{risk},0.003625534,0.2,0.018127671,10.16184211,56
[744],"{dozen,global,timely}",=>,{risk},0.003625534,0.2,0.018127671,10.16184211,56
[745],"{global,timely,twitter}",=>,{risk},0.003625534,0.2,0.018127671,10.16184211,56
[746],"{global,subscribe,timely}",=>,{risk},0.003625534,0.2,0.018127671,10.16184211,56
[747],"{global,latest,timely}",=>,{risk},0.003625534,0.2,0.018127671,10.16184211,56
[748],"{feature,global,timely}",=>,{risk},0.003625534,0.2,0.018127671,10.16184211,56
[749],"{global,longer,timely}",=>,{risk},0.003625534,0.2,0.018127671,10.16184211,56
[750],"{follow,global,timely}",=>,{risk},0.003625534,0.2,0.018127671,10.16184211,56
[751],"{global,timely,unique}",=>,{risk},0.003625534,0.2,0.018127671,10.16184211,56
[752],"{global,timely,topic}",=>,{risk},0.003625534,0.2,0.018127671,10.16184211,56
[753],"{global,list,timely}",=>,{risk},0.003625534,0.2,0.018127671,10.16184211,56
[754],"{add,global,timely}",=>,{risk},0.003625534,0.2,0.018127671,10.16184211,56
[755],"{check,global,timely}",=>,{risk},0.003625534,0.2,0.018127671,10.16184211,56
[756],"{global,something,timely}",=>,{risk},0.003625534,0.2,0.018127671,10.16184211,56
[757],"{admission,global,timely}",=>,{risk},0.003625534,0.2,0.018127671,10.16184211,56
[758],"{blend,featured,global}",=>,{risk},0.003625534,0.2,0.018127671,10.16184211,56
[759],"{blend,global,visitor}",=>,{risk},0.003625534,0.2,0.018127671,10.16184211,56
[760],"{blend,global,poster}",=>,{risk},0.003625534,0.2,0.018127671,10.16184211,56
[761],"{blend,global,monthly}",=>,{risk},0.003625534,0.2,0.018127671,10.16184211,56
[762],"{blend,dozen,global}",=>,{risk},0.003625534,0.2,0.018127671,10.16184211,56
[763],"{blend,global,twitter}",=>,{risk},0.003625534,0.2,0.018127671,10.16184211,56
[764],"{blend,entry,global}",=>,{risk},0.003625534,0.2,0.018127671,10.16184211,56
[765],"{blend,global,subscribe}",=>,{risk},0.003625534,0.2,0.018127671,10.16184211,56
[766],"{blend,global,latest}",=>,{risk},0.003625534,0.2,0.018127671,10.16184211,56
[767],"{blend,feature,global}",=>,{risk},0.003625534,0.2,0.018127671,10.16184211,56
[768],"{blend,global,longer}",=>,{risk},0.003625534,0.2,0.018127671,10.16184211,56
[769],"{blend,global,relevant}",=>,{risk},0.003625534,0.2,0.018127671,10.16184211,56
[770],"{blend,global,source}",=>,{risk},0.003625534,0.2,0.018127671,10.16184211,56
[771],"{blend,follow,global}",=>,{risk},0.003625534,0.2,0.018127671,10.16184211,56
[772],"{blend,global,topic}",=>,{risk},0.003625534,0.2,0.018127671,10.16184211,56
[773],"{add,blend,global}",=>,{risk},0.003625534,0.2,0.018127671,10.16184211,56
[774],"{featured,global,visitor}",=>,{risk},0.003625534,0.2,0.018127671,10.16184211,56
[775],"{featured,global,poster}",=>,{risk},0.003625534,0.2,0.018127671,10.16184211,56
[776],"{featured,global,monthly}",=>,{risk},0.003625534,0.2,0.018127671,10.16184211,56
[777],"{dozen,featured,global}",=>,{risk},0.003625534,0.2,0.018127671,10.16184211,56
[778],"{featured,global,twitter}",=>,{risk},0.003625534,0.2,0.018127671,10.16184211,56
[779],"{entry,featured,global}",=>,{risk},0.003625534,0.2,0.018127671,10.16184211,56
[780],"{featured,global,subscribe}",=>,{risk},0.003625534,0.2,0.018127671,10.16184211,56
[781],"{featured,global,latest}",=>,{risk},0.003625534,0.2,0.018127671,10.16184211,56
[782],"{feature,featured,global}",=>,{risk},0.003625534,0.2,0.018127671,10.16184211,56
[783],"{featured,global,longer}",=>,{risk},0.003625534,0.2,0.018127671,10.16184211,56
[784],"{featured,global,relevant}",=>,{risk},0.003625534,0.2,0.018127671,10.16184211,56
[785],"{featured,global,source}",=>,{risk},0.003625534,0.2,0.018127671,10.16184211,56
[786],"{featured,follow,global}",=>,{risk},0.003625534,0.2,0.018127671,10.16184211,56
[787],"{featured,global,unique}",=>,{risk},0.003625534,0.2,0.018127671,10.16184211,56
[788],"{featured,global,topic}",=>,{risk},0.003625534,0.2,0.018127671,10.16184211,56
[789],"{featured,global,list}",=>,{risk},0.003625534,0.2,0.018127671,10.16184211,56
[790],"{add,featured,global}",=>,{risk},0.003625534,0.2,0.018127671,10.16184211,56
[791],"{featured,global,place}",=>,{risk},0.003625534,0.2,0.018127671,10.16184211,56
[792],"{check,featured,global}",=>,{risk},0.003625534,0.2,0.018127671,10.16184211,56
[793],"{featured,global,something}",=>,{risk},0.003625534,0.2,0.018127671,10.16184211,56
[794],"{featured,global,new}",=>,{risk},0.003625534,0.2,0.018127671,10.16184211,56
[795],"{featured,global,student}",=>,{risk},0.003625534,0.2,0.018127671,10.16184211,56
[796],"{global,poster,visitor}",=>,{risk},0.003625534,0.2,0.018127671,10.16184211,56
[797],"{global,monthly,visitor}",=>,{risk},0.003625534,0.2,0.018127671,10.16184211,56
[798],"{dozen,global,visitor}",=>,{risk},0.003625534,0.2,0.018127671,10.16184211,56
[799],"{global,twitter,visitor}",=>,{risk},0.003625534,0.2,0.018127671,10.16184211,56
[800],"{entry,global,visitor}",=>,{risk},0.003625534,0.2,0.018127671,10.16184211,56
[801],"{global,subscribe,visitor}",=>,{risk},0.003625534,0.2,0.018127671,10.16184211,56
[802],"{global,latest,visitor}",=>,{risk},0.003625534,0.2,0.018127671,10.16184211,56
[803],"{feature,global,visitor}",=>,{risk},0.003625534,0.2,0.018127671,10.16184211,56
[804],"{global,longer,visitor}",=>,{risk},0.003625534,0.2,0.018127671,10.16184211,56
[805],"{global,relevant,visitor}",=>,{risk},0.003625534,0.2,0.018127671,10.16184211,56
[806],"{global,source,visitor}",=>,{risk},0.003625534,0.2,0.018127671,10.16184211,56
[807],"{follow,global,visitor}",=>,{risk},0.003625534,0.2,0.018127671,10.16184211,56
[808],"{global,unique,visitor}",=>,{risk},0.003625534,0.2,0.018127671,10.16184211,56
[809],"{global,topic,visitor}",=>,{risk},0.003625534,0.2,0.018127671,10.16184211,56
[810],"{global,list,visitor}",=>,{risk},0.003625534,0.2,0.018127671,10.16184211,56
[811],"{add,global,visitor}",=>,{risk},0.003625534,0.2,0.018127671,10.16184211,56
[812],"{global,place,visitor}",=>,{risk},0.003625534,0.2,0.018127671,10.16184211,56
[813],"{check,global,visitor}",=>,{risk},0.003625534,0.2,0.018127671,10.16184211,56
[814],"{global,something,visitor}",=>,{risk},0.003625534,0.2,0.018127671,10.16184211,56
[815],"{global,new,visitor}",=>,{risk},0.003625534,0.2,0.018127671,10.16184211,56
[816],"{global,student,visitor}",=>,{risk},0.003625534,0.2,0.018127671,10.16184211,56
[817],"{admission,global,visitor}",=>,{risk},0.003625534,0.2,0.018127671,10.16184211,56
[818],"{global,monthly,poster}",=>,{risk},0.003625534,0.2,0.018127671,10.16184211,56
[819],"{dozen,global,poster}",=>,{risk},0.003625534,0.2,0.018127671,10.16184211,56
[820],"{global,poster,twitter}",=>,{risk},0.003625534,0.2,0.018127671,10.16184211,56
[821],"{entry,global,poster}",=>,{risk},0.003625534,0.2,0.018127671,10.16184211,56
[822],"{global,poster,subscribe}",=>,{risk},0.003625534,0.2,0.018127671,10.16184211,56
[823],"{global,latest,poster}",=>,{risk},0.003625534,0.2,0.018127671,10.16184211,56
[824],"{feature,global,poster}",=>,{risk},0.003625534,0.2,0.018127671,10.16184211,56
[825],"{global,longer,poster}",=>,{risk},0.003625534,0.2,0.018127671,10.16184211,56
[826],"{global,poster,relevant}",=>,{risk},0.003625534,0.2,0.018127671,10.16184211,56
[827],"{global,poster,source}",=>,{risk},0.003625534,0.2,0.018127671,10.16184211,56
[828],"{follow,global,poster}",=>,{risk},0.003625534,0.2,0.018127671,10.16184211,56
[829],"{global,poster,unique}",=>,{risk},0.003625534,0.2,0.018127671,10.16184211,56
[830],"{global,poster,topic}",=>,{risk},0.003625534,0.2,0.018127671,10.16184211,56
[831],"{global,list,poster}",=>,{risk},0.003625534,0.2,0.018127671,10.16184211,56
[832],"{add,global,poster}",=>,{risk},0.003625534,0.2,0.018127671,10.16184211,56
[833],"{global,place,poster}",=>,{risk},0.003625534,0.2,0.018127671,10.16184211,56
[834],"{check,global,poster}",=>,{risk},0.003625534,0.2,0.018127671,10.16184211,56
[835],"{global,poster,something}",=>,{risk},0.003625534,0.2,0.018127671,10.16184211,56
[836],"{global,new,poster}",=>,{risk},0.003625534,0.2,0.018127671,10.16184211,56
[837],"{global,poster,student}",=>,{risk},0.003625534,0.2,0.018127671,10.16184211,56
[838],"{admission,global,poster}",=>,{risk},0.003625534,0.2,0.018127671,10.16184211,56
[839],"{dozen,global,monthly}",=>,{risk},0.003625534,0.2,0.018127671,10.16184211,56
[840],"{global,monthly,twitter}",=>,{risk},0.003625534,0.2,0.018127671,10.16184211,56
[841],"{entry,global,monthly}",=>,{risk},0.003625534,0.2,0.018127671,10.16184211,56
[842],"{global,monthly,subscribe}",=>,{risk},0.003625534,0.2,0.018127671,10.16184211,56
[843],"{global,latest,monthly}",=>,{risk},0.003625534,0.2,0.018127671,10.16184211,56
[844],"{feature,global,monthly}",=>,{risk},0.003625534,0.2,0.018127671,10.16184211,56
[845],"{global,longer,monthly}",=>,{risk},0.003625534,0.2,0.018127671,10.16184211,56
[846],"{global,monthly,relevant}",=>,{risk},0.003625534,0.2,0.018127671,10.16184211,56
[847],"{global,monthly,source}",=>,{risk},0.003625534,0.2,0.018127671,10.16184211,56
[848],"{follow,global,monthly}",=>,{risk},0.003625534,0.2,0.018127671,10.16184211,56
[849],"{global,monthly,unique}",=>,{risk},0.003625534,0.2,0.018127671,10.16184211,56
[850],"{global,monthly,topic}",=>,{risk},0.003625534,0.2,0.018127671,10.16184211,56
[851],"{global,list,monthly}",=>,{risk},0.003625534,0.2,0.018127671,10.16184211,56
[852],"{add,global,monthly}",=>,{risk},0.003625534,0.2,0.018127671,10.16184211,56
[853],"{global,monthly,place}",=>,{risk},0.003625534,0.2,0.018127671,10.16184211,56
[854],"{check,global,monthly}",=>,{risk},0.003625534,0.2,0.018127671,10.16184211,56
[855],"{global,monthly,something}",=>,{risk},0.003625534,0.2,0.018127671,10.16184211,56
[856],"{global,monthly,new}",=>,{risk},0.003625534,0.2,0.018127671,10.16184211,56
[857],"{global,monthly,student}",=>,{risk},0.003625534,0.2,0.018127671,10.16184211,56
[858],"{admission,global,monthly}",=>,{risk},0.003625534,0.2,0.018127671,10.16184211,56
[859],"{dozen,global,twitter}",=>,{risk},0.003625534,0.2,0.018127671,10.16184211,56
[860],"{dozen,entry,global}",=>,{risk},0.003625534,0.2,0.018127671,10.16184211,56
[861],"{dozen,global,subscribe}",=>,{risk},0.003625534,0.2,0.018127671,10.16184211,56
[862],"{dozen,global,latest}",=>,{risk},0.003625534,0.2,0.018127671,10.16184211,56
[863],"{dozen,feature,global}",=>,{risk},0.003625534,0.2,0.018127671,10.16184211,56
[864],"{dozen,global,longer}",=>,{risk},0.003625534,0.2,0.018127671,10.16184211,56
[865],"{dozen,global,relevant}",=>,{risk},0.003625534,0.2,0.018127671,10.16184211,56
[866],"{dozen,global,source}",=>,{risk},0.003625534,0.2,0.018127671,10.16184211,56
[867],"{dozen,follow,global}",=>,{risk},0.003625534,0.2,0.018127671,10.16184211,56
[868],"{dozen,global,unique}",=>,{risk},0.003625534,0.2,0.018127671,10.16184211,56
[869],"{dozen,global,topic}",=>,{risk},0.003625534,0.2,0.018127671,10.16184211,56
[870],"{dozen,global,list}",=>,{risk},0.003625534,0.2,0.018127671,10.16184211,56
[871],"{add,dozen,global}",=>,{risk},0.003625534,0.2,0.018127671,10.16184211,56
[872],"{dozen,global,place}",=>,{risk},0.003625534,0.2,0.018127671,10.16184211,56
[873],"{check,dozen,global}",=>,{risk},0.003625534,0.2,0.018127671,10.16184211,56
[874],"{dozen,global,something}",=>,{risk},0.003625534,0.2,0.018127671,10.16184211,56
[875],"{dozen,global,new}",=>,{risk},0.003625534,0.2,0.018127671,10.16184211,56
[876],"{dozen,global,student}",=>,{risk},0.003625534,0.2,0.018127671,10.16184211,56
[877],"{admission,dozen,global}",=>,{risk},0.003625534,0.2,0.018127671,10.16184211,56
[878],"{entry,global,twitter}",=>,{risk},0.003625534,0.2,0.018127671,10.16184211,56
[879],"{global,latest,twitter}",=>,{risk},0.003625534,0.2,0.018127671,10.16184211,56
[880],"{feature,global,twitter}",=>,{risk},0.003625534,0.2,0.018127671,10.16184211,56
[881],"{add,global,twitter}",=>,{risk},0.003625534,0.2,0.018127671,10.16184211,56
[882],"{global,place,twitter}",=>,{risk},0.003625534,0.2,0.018127671,10.16184211,56
[883],"{entry,global,subscribe}",=>,{risk},0.003625534,0.2,0.018127671,10.16184211,56
[884],"{entry,global,latest}",=>,{risk},0.003625534,0.2,0.018127671,10.16184211,56
[885],"{entry,global,longer}",=>,{risk},0.003625534,0.2,0.018127671,10.16184211,56
[886],"{entry,follow,global}",=>,{risk},0.003625534,0.2,0.018127671,10.16184211,56
[887],"{entry,global,topic}",=>,{risk},0.003625534,0.2,0.018127671,10.16184211,56
[888],"{add,entry,global}",=>,{risk},0.003625534,0.2,0.018127671,10.16184211,56
[889],"{entry,global,something}",=>,{risk},0.003625534,0.2,0.018127671,10.16184211,56
[890],"{global,latest,subscribe}",=>,{risk},0.003625534,0.2,0.018127671,10.16184211,56
[891],"{feature,global,subscribe}",=>,{risk},0.003625534,0.2,0.018127671,10.16184211,56
[892],"{add,global,subscribe}",=>,{risk},0.003625534,0.2,0.018127671,10.16184211,56
[893],"{feature,global,latest}",=>,{risk},0.003625534,0.2,0.018127671,10.16184211,56
[894],"{global,latest,longer}",=>,{risk},0.003625534,0.2,0.018127671,10.16184211,56
[895],"{global,latest,relevant}",=>,{risk},0.003625534,0.2,0.018127671,10.16184211,56
[896],"{global,latest,unique}",=>,{risk},0.003625534,0.2,0.018127671,10.16184211,56
[897],"{feature,global,longer}",=>,{risk},0.003625534,0.2,0.018127671,10.16184211,56
[898],"{feature,global,relevant}",=>,{risk},0.003625534,0.2,0.018127671,10.16184211,56
[899],"{feature,global,source}",=>,{risk},0.003625534,0.2,0.018127671,10.16184211,56
[900],"{feature,follow,global}",=>,{risk},0.003625534,0.2,0.018127671,10.16184211,56
[901],"{feature,global,list}",=>,{risk},0.003625534,0.2,0.018127671,10.16184211,56
[902],"{add,feature,global}",=>,{risk},0.003625534,0.2,0.018127671,10.16184211,56
[903],"{feature,global,place}",=>,{risk},0.003625534,0.2,0.018127671,10.16184211,56
[904],"{business,global,relevant}",=>,{risk},0.003107601,0.2,0.015538003,10.16184211,48
[905],"{add,global,source}",=>,{risk},0.003625534,0.2,0.018127671,10.16184211,56
[906],"{follow,global,place}",=>,{risk},0.003625534,0.2,0.018127671,10.16184211,56
[907],"{check,follow,global}",=>,{risk},0.003690276,0.2,0.018451379,10.16184211,57
[908],"{add,global,student}",=>,{risk},0.003884501,0.2,0.019422504,10.16184211,60
[909],"{admission,first,global}",=>,{risk},0.003237084,0.2,0.01618542,10.16184211,50
[910],"{admission,global,something}",=>,{risk},0.003884501,0.2,0.019422504,10.16184211,60
[911],"{business,job,management}",=>,{risk},0.003172342,0.2,0.015861712,10.16184211,49
[912],"{let,may,use}",=>,{admit},0.003042859,0.401709402,0.007574777,9.649772035,47
[913],"{class,decision,may}",=>,{admit},0.003172342,0.379844961,0.008351677,9.124549411,49
[914],"{data,idea}",=>,{admit},0.003042859,0.37007874,0.008222193,8.889947466,47
[915],"{data,give}",=>,{admit},0.003042859,0.350746269,0.008675385,8.425547225,47
[916],"{decision,let}",=>,{admit},0.003884501,0.333333333,0.011653503,8.007257646,60
[917],"{data,decision}",=>,{admit},0.003301826,0.331168831,0.009970219,7.955262467,51
[918],"{decision,strategy}",=>,{admit},0.003496051,0.308571429,0.011329794,7.412432793,54
[919],"{decision,use}",=>,{admit},0.003366567,0.300578035,0.011200311,7.2204173,52
[920],"{let,strategy}",=>,{admit},0.003042859,0.281437126,0.010811861,6.760618731,47
[921],"{idea,let}",=>,{admit},0.003172342,0.275280899,0.011524019,6.612735247,49
[922],"{applicant,strategy}",=>,{admit},0.003237084,0.27173913,0.011912469,6.52765569,50
[923],"{class,let}",=>,{admit},0.003690276,0.268867925,0.013725236,6.458684234,57
[924],"{idea,strategy}",=>,{admit},0.003042859,0.267045455,0.011394536,6.414905274,47
[925],"{strategy,use}",=>,{admit},0.003172342,0.264864865,0.011977211,6.362523643,49
[926],"{decision,idea}",=>,{admit},0.003366567,0.256157635,0.013142561,6.153360556,52
[927],"{class,decision}",=>,{admit},0.004143468,0.25498008,0.016250162,6.125073578,64
[928],"{give,strategy}",=>,{admit},0.003107601,0.244897959,0.012689369,5.882883169,48
[929],"{let,use}",=>,{admit},0.003107601,0.243654822,0.012754111,5.853020818,48
[930],"{decision,give}",=>,{admit},0.003625534,0.24137931,0.01502007,5.798358985,56
[931],"{applicant,give}",=>,{admit},0.003496051,0.23580786,0.014825845,5.664522877,54
[932],"{give,idea}",=>,{admit},0.003949243,0.233716475,0.016897579,5.614284097,61
[933],"{decision,received}",=>,{admit},0.003172342,0.222727273,0.01424317,5.350303973,49
[934],"{give,let}",=>,{admit},0.003301826,0.222707424,0.014825845,5.349827161,51
[935],"{decision,tracker}",=>,{admit},0.003560792,0.217391304,0.016379645,5.222124552,55
[936],"{class,idea}",=>,{admit},0.003496051,0.214285714,0.016314904,5.147522773,54
[937],{tracker},=>,{admit},0.003884501,0.209059233,0.018580862,5.021973437,60
[938],"{give,use}",=>,{admit},0.003042859,0.204347826,0.014890587,4.908797079,47
[939],"{class,strategy}",=>,{admit},0.003496051,0.202247191,0.017286029,4.8583361,54
[940],"{may,strategy}",=>,{admit},0.003690276,0.201413428,0.018321896,4.838307624,57
